FID,SMILES,frequency,TPSA
0,[6*]C(N)=O,5940,43.09
1,[14*]c1ncnc2nc[nH]c12,2712,54.46
2,[5*]NC(N)=NC,2671,50.41
3,[14*]c1nc2[nH]ncc2c(=O)[nH]1,2162,74.43
4,[16*]c1cc2c([nH]c1=O)CCCC2=O,1841,49.93
5,[14*]c1ccc2nncn2n1,1716,43.08
6,[9*]n1c(=O)c(=O)[nH]c2ccccc21,1366,54.86
7,[9*]n1nnc2ccccc2c1=O,1321,47.78
8,[9*]n1ncc2cncnc21,1290,43.60
9,[16*]c1c[nH]c2nc(C)ccc2c1=O,1235,45.75
10,[14*]c1nc2cnccc2[nH]1,1195,41.57
11,[15*]C1C(C#N)=COC(N)=C1C#N,1135,82.83
12,[14*]c1ncn[nH]1,1130,41.57
13,[9*]n1cc2c(n1)C(N)CCC2,1062,43.84
14,[14*]c1cc2[nH]ncc2cn1,1023,41.57
15,[10*]N1CCC(=O)NC1=O,1023,49.41
16,[13*]C1NC(=O)N(C)C2=C1C(=O)NC2,988,61.44
17,[5*]N1CCNS1(=O)=O,930,49.41
18,[10*]N1C(=O)CCNC1=O,903,49.41
19,[10*]N1C(=O)N[C@]2(CCCc3ccccc32)C1=O,887,49.41
20,[5*]N1CCCC2(C1)NC(=O)NC2=O,874,61.44
21,[5*]N1CCN(S(=O)(=O)N2CCOCC2)CC1,856,53.09
22,[16*]c1ccc2c3c(cccc13)C(=O)NC2=O,838,46.17
23,[15*][C@@H]1C[C@H]2C(=O)NCC(=O)N2C1,836,49.41
24,[6*]C(=O)NO,834,49.33
25,[15*][C@H]1C[C@H]2C(=O)NCC(=O)N2C1,785,49.41
26,[14*]c1nnc2c(n1)[nH]c1ccccc12,731,54.46
27,[13*][C@H]1NC(=O)[C@@H]2CCCN2C1=O,730,49.41
28,[13*]C1COC(N)=N1,712,47.61
29,[14*]c1nc2c(c(=O)[nH]1)CCC2,663,45.75
30,[12*]S(=O)(=O)c1ccc2[nH]c(=O)sc2c1,660,67.00
31,[14*]c1nc2c(oc3ccccc32)c(=O)[nH]1,654,58.89
32,[14*]c1nc2c(c(=O)[nH]1)CCCC2,651,45.75
33,[14*]c1nc2ncccc2c(=O)[nH]1,642,58.64
34,[16*]c1cnc2[nH]c(=O)[nH]c2c1,621,61.54
35,[11*]SC1=Nc2ccccc2C2=NCC(=O)N12,618,45.03
36,[13*][C@H]1NC(=O)c2ccccc2NC1=O,608,58.20
37,[10*]N1C(=O)N(C)c2ccccc2S1(=O)=O,576,57.69
38,[1*]C(=O)/C(C#N)=C1/NC(=O)CS1,574,69.96
39,[10*]N1C(=O)CS/C1=C(/C#N)C=O,572,61.17
40,[14*]c1[nH]nc2c1CS(=O)C2,563,45.75
41,[4*]CC(N)=O,562,43.09
42,[16*]c1cnc2[nH]c(=O)[nH]c(=O)c2c1,553,78.61
43,[16*]c1c(C)nc2c(c1C)c(=O)[nH]n2C,551,50.68
44,[12*]S(=O)(=O)c1cc2c3c(c1)CCC(=O)N3CCC2,544,54.45
45,[14*]c1nccc2[nH]cnc12,537,41.57
46,[16*]c1ccc(C2=NNC(=O)CC2C)cc1,522,41.46
47,[16*]c1c[nH]c2ncccc2c1=O,499,45.75
48,[13*][C@@H]1NC(=O)NC2=C1C(=O)NC2,489,70.23
49,[3*]OC1=C(C#N)CC(C#N)=C(N)O1,485,92.06
50,[8*]CC(N)=O,484,43.09
51,[14*]c1nc(=O)cc[nH]1,472,45.75
52,[14*]c1ncc2[nH]c(=O)[nH]c2n1,443,74.43
53,[16*]c1c(C)nc2cc(=O)[nH]n2c1C,437,50.16
54,[14*]c1cn[nH]c(=O)n1,436,58.64
55,[14*]c1ccc2c(=O)[nH]c(=O)[nH]c2n1,435,78.61
56,[5*]N1CCC2(C1)NC(=O)NC2=O,431,61.44
57,[16*]c1cnn2c1C(=O)NC[C@@H]2C,429,46.92
58,[14*]c1[nH]nc2c1C[S@@](=O)C2,426,45.75
59,[14*]c1n[nH]c(=O)[nH]c1=O,421,78.61
60,[14*]c1ccc2c(=O)cc[nH]c2n1,398,45.75
61,[14*]c1nc2c([nH]c3ccccc32)c(=O)[nH]1,392,61.54
62,[1*]C(=O)C1=C(C)OC(N)=C(C#N)C1,382,76.11
63,[12*]S(=O)(=O)c1cccc2nsnc12,379,59.92
64,[14*]c1nc(=O)[nH]c2c1CCC2,346,45.75
65,[12*]S(=O)(=O)c1ccc2c3c(cccc13)C(=O)N2C,338,54.45
66,[9*]n1c(=O)[nH]c(=O)c2[nH]cnc21,332,83.54
67,[13*][C@@H]1Nc2ccccc2S(=O)(=O)N1,329,58.20
68,[16*]c1ccc(S(=O)(=O)C2CCNCC2)cc1,327,46.17
69,[9*]n1ncc(=O)[nH]c1=O,317,67.75
70,[14*]c1nc2ncncc2[nH]1,314,54.46
71,[14*]c1nccc2[nH]ncc12,311,41.57
72,[14*]c1nc(Cl)c2[nH]cnc2n1,311,54.46
73,[14*]c1cc2n(n1)C[C@@H](C)NC2=O,311,46.92
74,[16*]c1c(O)c2cccnc2[nH]c1=O,294,65.98
75,[14*]c1cc2n(n1)C[C@H](C)NC2=O,284,46.92
76,[5*]N1C(C)=NS(=O)(=O)c2ccccc21,282,49.74
77,[8*]CCC(N)=O,281,43.09
78,[14*]c1cc(=O)n2c(n1)SCC2CC=O,280,51.96
79,[9*]n1ncc2c1NC(=O)C[C@@H]2c1ccccc1,276,46.92
80,[7*]=C(C#N)C#N,271,47.58
81,[14*]c1nc2cnccc2c(=O)[nH]1,270,58.64
82,[16*]c1cc(C)nc2c1c(=O)[nH]n2C,266,50.68
83,[15*][C@@H]1C(C#N)=C(N)OC2=C1C(=O)CCC2,266,76.11
84,[14*]c1nc(Cl)nc2[nH]ncc12,266,54.46
85,[15*][C@H]1C(C#N)=C(N)OC2=C1C(=O)CCC2,263,76.11
86,[14*]c1nc2c(s1)C(=O)NCCC2,262,41.99
87,[6*]C(=O)NN=C1CCNCC1,261,53.49
88,[9*]n1cnc2c([nH]c3ccc(C)cc32)c1=O,256,50.68
89,[16*]c1cccn2c(=O)[nH]nc12,256,50.16
90,[9*]n1ncc2c(N)ncnc21,251,69.62
91,[14*]c1c[nH]nn1,251,41.57
92,[1*]C(=O)/C(C#N)=C1\NC(=O)CS1,251,69.96
93,[9*]n1c(=O)[nH]c2sc(C)cc2c1=O,247,54.86
94,[14*]c1ccc(=O)[nH]n1,244,45.75
95,[9*]n1ncc2c(C)n[nH]c(=O)c21,242,63.57
96,[9*]n1nc(C)c2cn[nH]c2c1=O,242,63.57
97,[13*][C@H]1NC(=O)NC2=C1C(=O)OC2,240,67.43
98,[13*][C@@H]1NC(=O)NC2=C1C(=O)OC2,239,67.43
99,[14*]c1[nH]nc2c1C(c1ccccc1)C(C#N)=C(N)O2,235,87.72
100,[8*]CC[N+](=O)[O-],233,43.14
101,[16*]c1cnc2[nH]ccc(=O)c2c1,230,45.75
102,[9*]n1ncc2cn[nH]c2c1=O,223,63.57
103,[5*]N1CCc2c(sc3nc[nH]c(=O)c23)C1,219,48.99
104,[16*]c1ccc2c(c1)NCNS2(=O)=O,210,58.20
105,[12*]S(=O)(=O)c1cccc2nonc12,210,73.06
106,[14*]c1ncnc2c1cnn2C,208,43.60
107,[1*]C(=O)CN1C(=O)NS(=O)(=O)c2ccccc21,206,83.55
108,[6*]C(=O)[C@@H]1CC(=O)Nc2[nH]nc(C)c21,203,74.85
109,[6*]C(=O)C1CC(=O)Nc2[nH]nc(C)c21,203,74.85
110,[14*]c1ncc2nc[nH]c2n1,199,54.46
111,[15*]C1C(C#N)=C(N)OC2=C1C(=O)CCC2,196,76.11
112,[16*]c1ccc2c(c1)NC(=O)CNC2=O,194,58.20
113,[1*]C(=O)/C=C1/NC(=O)CS1,190,46.17
114,[9*]n1cnc2sc3c(c2c1=O)CCNC3,189,46.92
115,[9*]n1c(=O)c(=O)[nH]c2cc(F)ccc21,188,54.86
116,[16*]c1ccc(S(=O)(=O)C2CNC2)cc1,188,46.17
117,[16*]c1ccc(C2CC(=O)Nc3[nH]ncc32)cc1,187,57.78
118,[13*]C1(C)NC(=O)NC1=O,187,58.20
119,[16*]c1c[nH]cc2c(=O)[nH]nc1-2,186,61.54
120,[14*]c1[nH]nc2c1[C@H](c1ccccc1)C(C#N)=C(N)O2,186,87.72
121,[14*]c1[nH]nc2c1[C@@H](c1ccccc1)C(C#N)=C(N)O2,185,87.72
122,[14*]c1nc2ccccc2c(=O)[nH]1,184,45.75
123,[9*]n1cnc2cnccc2c1=O,176,47.78
124,[14*]c1nc2[nH]ccc(=O)c2cc1F,176,45.75
125,[1*]C(=O)CN1C(=O)CCS(=O)(=O)c2ccccc21,176,71.52
126,[14*]c1cc(C)c2c(=O)[nH]c(=O)[nH]c2n1,175,78.61
127,[1*]C(=O)C1NC(=O)Cc2ccccc21,175,46.17
128,[15*]C1C2=C(CCCC2=O)OC2=C1C(=O)CCC2,170,43.37
129,[15*]C1CCCN(S(=O)(=O)N2CCOCC2)C1,165,49.85
130,[9*]n1cnc2oc(C)c(C)c2c1=O,162,48.03
131,[16*]c1cncc2[nH]ncc12,162,41.57
132,[5*]N1CC[C@@]2(C1)NC(=O)NC2=O,161,61.44
133,[13*]C1CC(c2ccccc2)n2ncnc2N1,161,42.74
134,[7*]=Cc1sc(=O)[nH]c1O,160,53.09
135,[10*]N1C(=O)c2ccncc2C1=O,152,50.27
136,[13*]C1SC(=C(C#N)C=O)NC1=O,151,69.96
137,[13*][C@H]1C[C@H](c2ccccc2)n2ncnc2N1,150,42.74
138,[7*]=C1SC(NC)=NC1=O,149,41.46
139,[5*]N[C@@H]1CCCc2[nH]c(=O)ccc21,149,44.89
140,[14*]c1cc2c(=O)[nH]ncn2n1,149,63.05
141,[14*]c1nc2scnn2c1C#N,148,53.98
142,[14*]c1nc2c([nH]1)c(=O)[nH]c(=O)n2C,148,83.54
143,[13*][C@@H]1C[C@H](c2ccccc2)n2ncnc2N1,148,42.74
144,[14*]c1nnc2cnccn12,147,43.08
145,[14*]c1ncnc2c1c(Br)nn2C,144,43.60
146,[14*]c1nc2cc(Br)sc2c(=O)[nH]1,141,45.75
147,[15*][C@@H]1C(C#N)=C(N)OC2=C1C(=O)CC(C)(C)C2,139,76.11
148,[14*]c1nc(N)nc2c1CNC2,138,63.83
149,[13*][C@H]1S/C(=C(/C#N)C=O)NC1=O,138,69.96
150,[9*]n1c(O)c(C)[nH]c1=O,137,58.02
151,[16*]c1cc2c([nH]c1=O)CC(C)CC2=O,137,49.93
152,[7*]=C1C(=O)Nc2ccc([SH](=O)=O)cc21,136,63.24
153,[5*]N1CCC2(CC1)NC(=O)c1ccc(Cl)cc1N2,136,44.37
154,[8*]CN=C(N)N1CCC2(CCCCC2)C1,134,41.62
155,[14*]c1nn[nH]c1C,132,41.57
156,[10*]N1C(=O)C2(CCCC2)NC(=O)C1C,132,49.41
157,[16*]c1c(O)c2cccc3c2n(c1=O)CCC3,131,42.23
158,[10*]N1CC(=O)Nc2cc(Cl)ccc2C1=O,130,49.41
159,[10*]N1C(=O)c2cccc3cc([N+](=O)[O-])cc(c23)C1=O,129,80.52
160,[9*]n1nc2n(c1=O)C(C=O)CCC2,127,56.89
161,[16*]c1cccc([C@H]2CC(=O)Nc3[nH]ncc32)c1,127,57.78
162,[14*]c1cc2nc(C)ncc2[nH]1,127,41.57
163,[8*]C(N)C=O,125,43.09
164,[5*]NC1CNC(=O)c2ccnn21,124,58.95
165,[16*]c1c(C)sc2[nH]c(=O)[nH]c(=O)c12,124,65.72
166,[1*]C(=O)CN1C(=O)CN(C)C(=O)c2ccccc21,124,57.69
167,[7*]=Cc1nn2cnnc2s1,123,43.08
168,[14*]c1cc2n(n1)[C@H](N)CNC2=O,123,72.94
169,[14*]c1cc2n(n1)[C@@H](N)CNC2=O,123,72.94
170,[14*]c1nnc2c(n1)[nH]c1ccc(C)cc12,122,54.46
171,[16*]c1ccc2[nH]c(=O)[nH]c2c1,120,48.65
172,[15*]C1CCc2n[nH]c(=O)cc2C1,120,45.75
173,[3*]OS(=O)(=O)C(F)(F)F,119,43.37
174,[14*]c1nnc2n1C(C=O)CC2,119,47.78
175,[14*]c1ncc2cccnc2c1O,119,46.01
176,[7*]=C1SC(=O)NC1=Nc1ccccc1,118,41.46
177,[9*]n1c(=O)[nH]c2ncccc2c1=O,117,67.75
178,[9*]n1c(=O)[nH]c2cccnc2c1=O,116,67.75
179,[15*][C@@H]1CC(=O)c2cn[nH]c2C1,115,45.75
180,[14*]c1n[nH]c2ncncc12,115,54.46
181,[14*]c1nn2c(C=O)cnc2s1,113,47.26
182,[14*]c1nccn2cnnc12,113,43.08
183,[14*]c1cn2ccnc2c(N)n1,113,56.21
184,[14*]c1ncc2c[nH]nc2n1,112,54.46
185,[14*]c1nc(N)c2c[nH]nc2n1,111,80.48
186,[9*]n1nc(C)c2c(=O)[nH]cnc21,110,63.57
187,[1*]C(=O)C(=O)NN=C1CCCCC1,110,58.53
188,[7*]=Cc1[nH]c(=O)[nH]c1O,109,68.88
189,[14*]c1nnc2ncccn12,108,43.08
190,[5*]N1CCC2(CC1)NC(=O)c1cc(C)ccc1N2,107,44.37
191,[3*]OS(C)(=O)=O,107,43.37
192,[16*]c1c[nH]c2c(cnn2C)c1=O,107,50.68
193,[10*]N1C(=O)N[C@H]2C[C@]1(C)Oc1ccccc12,107,41.57
194,[12*]S(=O)(=O)c1cc2c3c(c1)C(C)C(=O)N3CCC2,105,54.45
195,[16*]c1cnc2[nH]c(=O)ccc2c1,104,45.75
196,[1*]C(=O)CN1C(=O)C2CCCC2=Nc2ccccc21,104,49.74
197,[5*]N1CCC[C@]2(C1)NC(=O)NC2=O,103,61.44
198,[16*]c1ccnc2[nH][nH]c(=O)c12,103,61.54
199,[15*][C@@H]1CC(=O)C=C(N)C1,102,43.09
200,[10*]N1C(=O)N[C@@H]2C[C@]1(C)Oc1ccccc12,102,41.57
201,[14*]c1ccc2c(=O)[nH]n(C)c2n1,101,50.68
202,[5*]N1CCC[C@@]2(C1)NC(=O)NC2=O,99,61.44
203,[10*]N1C(=O)N[C@@]2(CCNC2)C1=O,99,61.44
204,[5*]N1CCc2nc(N)c(C#N)cc2C1,98,65.94
205,[16*]c1ccc(C2=NC3(CCNCC3)NC2=O)cc1,98,53.49
206,[13*]C1OC(c2ccccc2)=NN1C(C)=O,97,41.90
207,[14*]c1nn[nH]n1,96,54.46
208,[14*]c1cc(=O)[nH]cn1,96,45.75
209,[13*][C@@H]1S/C(=C(\C#N)C=O)NC1=O,96,69.96
210,[7*]=C(C#N)c1nc(=O)c2ccccc2s1,94,53.75
211,[16*]c1cccc([N+](=O)[O-])c1C,94,43.14
212,[14*]c1ccc([SH](=O)=O)cn1,93,47.03
213,[10*]N1C(=O)OC(C)(C)C1=O,93,46.61
214,[5*]N1CCC2(CC1)NC(=O)c1cccc(C)c1N2,91,44.37
215,[13*][C@H]1S/C(=C(\C#N)C=O)NC1=O,90,69.96
216,[5*]NC1=C(C=O)C(=O)CO1,89,55.40
217,[15*][C@@H]1C(C=O)=C(N)OC2=C1C(=O)CCC2,89,69.39
218,[10*]N1C(=O)CNC(=O)C12CCCC2,89,49.41
219,[1*]C(=O)[C@H](C)N,89,43.09
220,[14*]c1cnc(N)c2nccn12,88,56.21
221,[7*]=C1C(=O)Nc2ccccc2C1=O,87,46.17
222,[5*]NC1=N[C@H]2CS(=O)(=O)C[C@H]2S1,87,58.53
223,[5*]NC1=N[C@H]2CS(=O)(=O)C[C@@H]2S1,87,58.53
224,[5*]NC1=N[C@@H]2CS(=O)(=O)C[C@H]2S1,87,58.53
225,[5*]N1CCN(CN2C(=O)C(=O)c3ccccc32)CC1,87,43.86
226,[5*]N1CCC2(CC1)N=C(c1ccc(C)c(C)c1)C(=O)N2,87,44.70
227,[13*]C1SC(N)=NC1=O,87,55.45
228,[10*]N1C(=O)N[C@@]2(CCCNC2)C1=O,87,61.44
229,[1*]C(=O)CC1CSc2nc3c(c(=O)n21)CCCC3,87,51.96
230,[14*]c1nccn1S(=O)(=O)c1ccccc1,86,51.96
231,[13*]C1SC(=C(C#N)C(N)=O)NC1=O,86,95.98
232,[10*]N1C(=O)CSC1=C(C#N)C(N)=O,86,87.19
233,[14*]c1nc2ncccc2[nH]1,85,41.57
234,[15*]C1(O)C(=O)c2ccccc2C1=O,84,54.37
235,[14*]c1nc2c(=O)[nH]cnc2[nH]1,84,74.43
236,[14*]c1ccc(C#N)c(=O)o1,84,54.00
237,[16*]c1ccoc(=O)c1C#N,83,54.00
238,[14*]c1nccc(=O)[nH]1,83,45.75
239,[16*]c1ccnn2cnnc12,82,43.08
240,[16*]c1ccc2c(c1)N(C)C(=O)NS2(=O)=O,82,66.48
241,[13*][C@@H]1S/C(=C(/C#N)C(N)=O)NC1=O,82,95.98
242,[13*][C@@H]1C[C@H](C(F)F)n2ncnc2N1,82,42.74
243,[13*]C1S/C(=C(/C#N)C(N)=O)NC1=O,82,95.98
244,[16*]c1ccccc1[C@H]1CCNc2ncnn21,81,42.74
245,[13*]C1CC(S(=O)(=O)c2ccccc2)CN1,81,46.17
246,[7*]=CC(=O)NO,80,49.33
247,[10*]N1C(=O)NC2(CCCCC2)C1=O,80,49.41
248,[5*]N1CC[C@]2(C1)C(=O)NC(=O)N2C,79,52.65
249,[14*]c1nnc2c(C)c(C)cnn12,79,43.08
250,[14*]c1cc(C)c2c(=O)oc3ccccc3c2n1,79,43.10
251,[1*]C(=O)CN1C(=O)[C@H]2CCCC2=Nc2ccccc21,79,49.74
252,[9*]n1cnc2c([nH]c3ccc(Br)cc32)c1=O,78,50.68
253,[7*]=Cc1ccccc1[N+](=O)[O-],78,43.14
254,[16*]c1ccccc1[C@@H]1CCNc2ncnn21,78,42.74
255,[1*]C(=O)CCN,78,43.09
256,[9*]n1c2ccc(F)cc2c2nc[nH]c(=O)c21,77,50.68
257,[7*]=Cc1ncoc1O,76,46.26
258,[16*]c1ccc2c(c1)CNS2(=O)=O,76,46.17
259,[15*]C1CCc2n[nH]c(=O)n2CC1,76,50.68
260,[14*]c1ncnc2n[nH]c(Br)c12,76,54.46
261,[14*]c1nccn1S(=O)(=O)c1ccc(C)cc1,76,51.96
262,[14*]c1nc(C)c(O)o1,76,46.26
263,[1*]C(=O)CN=C(N)N,76,81.47
264,[1*]C(=O)CN1C(=O)CSc2nc(C)cc(C)c21,76,50.27
265,[15*]C1C(C=O)=C(N)OC2=C1C(=O)CCC2,75,69.39
266,[14*]c1nc2ccccc2n2c(C)nnc12,75,43.08
267,[12*]S(=O)(=O)c1c(C)n[nH]c1C,75,62.82
268,[7*]=C1C(=O)Nc2ccc(C#CC)cc2C1=O,74,46.17
269,[16*]c1co[nH]c1=O,74,46.00
270,[16*]c1ccc2[nH]c3c(c2c1)CCNC3=O,74,44.89
271,[14*]c1nc2ccccc2c2ncnn12,74,43.08
272,[5*]N1CCN(S(=O)(=O)N2C[C@H](C)O[C@@H](C)C2)CC1,73,53.09
273,[14*]c1n[nH]c(=O)[nH]1,73,61.54
274,[16*]c1ccc2[nH]c3c(=O)[nH]cnc3c2c1,71,61.54
275,[16*]c1ccc([N+](=O)[O-])c(C)c1,71,43.14
276,[16*]c1c(C)nc2n(c1=O)C(CC=O)CS2,71,51.96
277,[7*]=C1SC(N2C[C@@H](C)O[C@H](C)C2)=NC1=O,70,41.90
278,[14*]c1n[nH]c2c1C(=O)CC(C)C2,70,45.75
279,[13*][C@@H]1S/C(=C(\C#N)C(N)=O)NC1=O,70,95.98
280,[9*]n1c(=O)[nH]c(=O)c2c(C)c(C)sc21,69,54.86
281,[16*]c1cccc(C2=Nc3ccccc3NC(=O)C2)c1,69,41.46
282,[14*]c1nc2c(=O)[nH]cnc2n1C,69,63.57
283,[1*]C(=O)C[C@@H]1NS(=O)(=O)c2ccccc21,69,63.24
284,[1*]C(=O)CC1CSc2ncc(C)c(=O)n21,69,51.96
285,[16*]c1ccccc1S(=O)(=O)[C@@H]1CCNC1,68,46.17
286,[16*]c1cccc2c1C(=O)NS2(=O)=O,68,63.24
287,[14*]c1nc2ccc(Cl)cc2n2cnnc12,68,43.08
288,[12*]S(=O)(=O)c1cc2c3c(cccc3c1)C(=O)N(C)C2=O,68,71.52
289,[9*]n1c(=O)[nH]c2ccccc2c1=O,67,54.86
290,[5*]N1CCC2(CC1)N=C(c1ccc(Br)cc1)C(=O)N2,67,44.70
291,[5*]NC(=N)N,66,61.90
292,[14*]c1ccc2ccnc(N)c2n1,66,51.80
293,[1*]C(=O)C1=C(CCl)OC(N)=C(C#N)C1,66,76.11
294,[7*]=C1NS(=O)(=O)c2ccccc21,65,46.17
295,[16*]c1ccc2c(=O)ocnc2c1,65,43.10
296,[15*][C@H]1CNC[C@]12C(=O)NC(=O)N2C,65,61.44
297,[14*]c1nccc2n[nH]c(=O)n12,65,63.05
298,[12*]S(=O)(=O)C1CNC1,65,46.17
299,[11*]SC1=NS(=O)(=O)c2ccc(C)cc2N1,65,58.53
300,[12*]S(=O)(=O)c1ccc2c(c1)C(=O)Nc1cc(C)ccc1O2,64,72.47
301,[11*]SC1=Nc2ccccc2C2=N[C@@H](C)C(=O)N12,64,45.03
302,[10*]N1C(=O)N(C)C2(CCNC2)C1=O,64,52.65
303,[15*]C1C(=O)NC(=O)NC1C,63,58.20
304,[14*]c1n[nH]c(=O)c2nc(C)sc12,63,58.64
305,[5*]N1CCc2nc[nH]c2C1C=O,62,48.99
306,[15*][C@H]1C(C=O)=C(N)OC2=C1C(=O)CC(C)(C)C2,62,69.39
307,[15*][C@H]1C(=O)N=C(S)NC1=O,62,58.53
308,[14*]c1cc(=O)c2cccnc2[nH]1,62,45.75
309,[13*][C@@H]1CC(c2ccco2)=NN1C(C)=O,62,45.81
310,[5*]NC(=S)NN1C(=O)c2cccc3cccc(c23)C1=O,61,61.44
311,[5*]N1CCC2(CC1)N=C(c1ccc(F)cc1)C(=O)N2,61,44.70
312,[16*]c1cnc2c(c1)c(=O)[nH]c(=O)n2C,61,67.75
313,[16*]c1ccc2c(c1)NC(=O)CC(c1cccc(C#N)c1)=N2,61,65.25
314,[14*]c1nnc2n1N=C(c1ccccc1)CS2,61,43.07
315,[14*]c1cc(=O)c2ccc(C)nc2[nH]1,61,45.75
316,[13*]C1OC(N)=C(OS)C1=O,61,61.55
317,[13*]C1OC(=O)C(O)=C1O,61,66.76
318,[11*]SOC1=C(N)OCC1=O,61,61.55
319,[1*]C(=O)[C@@H](C)N,61,43.09
320,[4*][C@H](C)C(N)=O,60,43.09
321,[7*]=C(C#N)C(=O)O,59,61.09
322,[16*]c1cc2c([nH]c1=O)C[C@@H](C)CC2=O,59,49.93
323,[15*][C@@H]1C(=O)C=C(N)C[C@H]1C,59,43.09
324,[16*]c1ccc(C2CCNc3ncnn32)cc1,58,42.74
325,[14*]c1ncc2ncn(C)c2n1,58,43.60
326,[14*]c1nc2ccc(Br)cc2c(=O)o1,58,43.10
327,[13*]C1OC(=O)C(Cl)=C1N,58,52.32
328,[11*]SC1=NS(=O)(=O)c2ccccc21,58,46.50
329,[16*]c1ccc2c(c1)[nH]c1c(=O)[nH]cnc12,57,61.54
330,[14*]c1cc2n(n1)C(C)CNC2=O,57,46.92
331,[8*]CCC(=O)N=c1cccc[nH]1,56,45.22
332,[16*]c1cc2c(nc1N)CCNC2,55,50.94
333,[14*]c1nc2c(c(=O)[nH]1)SC(C)C2,55,45.75
334,[8*]C(NN)C1CCc2cccnc21,54,50.94
335,[5*]NS(=O)(=O)N1CCCCC1,54,49.41
336,[16*]c1ccc(S(=O)(=O)c2ccc(C)c(C)c2)nc1,54,47.03
337,[16*]c1cc2c(cc1[SH](=O)=O)C(=O)Nc1ccccc1O2,54,72.47
338,[16*]c1c[nH]c(=O)c2[nH]c(C)cc12,54,48.65
339,[15*]C1CC(=O)NN=C1c1ccccc1,54,41.46
340,[16*]c1ccccc1S(=O)(=O)C1CCNC1,52,46.17
341,[16*]c1ccccc1C1C(C#N)=C(N)Oc2n[nH]cc21,52,87.72
342,[16*]c1ccc2c(c1)CCCC21NC(=O)NC1=O,52,58.20
343,[14*]c1ccc2c(n1)Nc1ncccc1C(=O)N2C,52,58.12
344,[1*]C(=O)[C@H]1CNCc2cn(C)nc21,52,46.92
345,[1*]C(=O)C[C@@H](C)N,52,43.09
346,[9*]n1cnc2[nH]c(=O)[nH]c(=O)c21,51,83.54
347,[8*]C[C@@H](N)CC=O,51,43.09
348,[6*]C(=O)NN=C1CCC(C)CC1,51,41.46
349,[16*]c1cccc2c1C(=O)O[C@@H]2N,51,52.32
350,[16*]c1ccc2c(c1)C(=O)O[C@H]2N,51,52.32
351,[16*]c1ccc([N+](=O)[O-])cc1C,51,43.14
352,[14*]c1nc2ncnc(N)c2[nH]1,51,80.48
353,[12*]S(=O)(=O)C1CCCNC1,51,46.17
354,[5*]N1CCc2ncc([N+](=O)[O-])cc2C1,50,59.27
355,[10*]N1C(=O)N(C)[C@]2(C)N(C)C(=O)N[C@]12C,50,55.89
356,[9*]n1[nH]c(=O)c(C)c1O,49,58.02
357,[13*][C@H]1SC(N)=NC1=O,49,55.45
358,[13*][C@@H]1SC(N)=NC1=O,49,55.45
359,[13*][C@@H]1C[C@H](C(F)(F)F)n2ncnc2N1,49,42.74
360,[1*]C(=O)CC1=C(C)NS(=O)(=O)N=C1C,49,75.60
361,[7*]=Cc1[nH]cnc1O,48,48.91
362,[14*]c1cc(=O)c2cnccc2[nH]1,48,45.75
363,[6*]C(=O)CC1OC(=O)c2ccccc21,47,43.37
364,[3*]ON=C1C(=O)N(C)c2ccccc21,47,41.90
365,[16*]c1c(C)oc2c1C(=O)c1ccccc1C2=O,47,47.28
366,[13*][C@H]1OC(=O)C(Cl)=C1N,47,52.32
367,[13*][C@@H]1OC(=O)C(Cl)=C1N,47,52.32
368,[1*]C(=O)C1=NN(C)c2ccccc2S1(=O)=O,47,66.81
369,[8*]CC(N)CC=O,46,43.09
370,[16*]c1ccc(Cl)cc1[N+](=O)[O-],46,43.14
371,[16*]c1c[nH]c2c(N)ncnc12,46,67.59
372,[10*]N1C(=O)N[C@H]2C[C@@]1(C)Oc1ccc(Br)cc12,46,41.57
373,[9*]n1c(=O)[nH]c2nc(C)[nH]c2c1=O,45,83.54
374,[7*]=C1OC(N)=C(C=O)C1=O,45,69.39
375,[16*]c1cccnc1S(=O)(=O)c1ccc(C)cc1,45,47.03
376,[15*]C1CCN(S(=O)(=O)N2CC(C)OC(C)C2)CC1,45,49.85
377,[14*]c1nc2c(cc1C#N)C(=O)CC(C)(C)C2,45,53.75
378,[14*]c1nc(Cl)c2nc[nH]c2n1,45,54.46
379,[13*][C@@H]1SC(N=C(N)N)=NC1=O,45,93.83
380,[13*]C1CC(c2ccc(C)cc2)n2ncnc2N1,45,42.74
381,[1*]C(=O)CN1C(=O)CC(C)S(=O)(=O)c2ccccc21,45,71.52
382,[9*]n1ncc2c(=O)cc[nH]c21,44,50.68
383,[9*]n1cc(O)n(C)c1=O,44,47.16
384,[9*]n1c(=O)c2cccnc2n(C)c1=O,44,56.89
385,[8*]CN1N=C(C=O)S(=O)(=O)c2ccccc21,44,66.81
386,[7*]=Cc1nc2ncccc2c(=O)[nH]1,44,58.64
387,[5*]NC1=C(C(=O)O)C(=O)CO1,44,75.63
388,[16*]c1cc(=O)n(O)c2ncccc12,44,55.12
389,[14*]c1nc2cc3ccccc3cc2[nH]c1=O,44,45.75
390,[13*][C@@H]1C[C@@H](c2ccc(C)cc2)n2ncnc2N1,44,42.74
391,[13*]C1NC(=O)c2cc(I)ccc2NC1=O,44,58.20
392,[5*]NC1=NC(=O)C(C)S1,43,41.46
393,[16*]c1ccccc1C1CCNc2ncnn21,43,42.74
394,[14*]c1[nH]c2[nH]nc(C)c2c(=O)c1O,43,81.77
395,[13*][C@@H]1OC(c2ccccc2)=NN1C(C)=O,43,41.90
396,[8*]C(O)C(=O)O,42,57.53
397,[6*]C(=O)CN1C(=O)NS(=O)(=O)c2ccccc21,42,83.55
398,[16*]c1ccccc1[C@@H]1C(C#N)=C(N)Oc2n[nH]cc21,42,87.72
399,[16*]c1cc2c(=O)[nH]c(=O)[nH]c2nc1C,42,78.61
400,[14*]c1nc(N)nc2ncccc12,42,64.69
401,[14*]c1nc(N)nc2[nH]ncc12,42,80.48
402,[13*][C@H]1C[C@H](c2ccc(C)cc2)n2ncnc2N1,42,42.74
403,[10*]N1C(=O)c2ccc(I)cc2S1(=O)=O,42,54.45
404,[7*]=Cc1nc2[nH]c(=O)[nH]c(=O)c2[nH]1,41,94.40
405,[5*]NC(N)=NCC1Cc2ccccc21,41,50.41
406,[5*]NC(=NCC=O)N1CCC2(CCC2)C1,41,44.70
407,[16*]c1cnc(C)c2[nH]c(C)nc12,41,41.57
408,[16*]c1cn[nH]c(=O)c1Cl,41,45.75
409,[16*]c1ccnc2nc[nH]c12,41,41.57
410,[14*]c1cc2[nH]ccc(=O)n2n1,41,50.16
411,[13*]C1Nc2cc(C)ccc2S(=O)(=O)N1,41,58.20
412,[12*]S(=O)(=O)c1ccc2c(c1)CCN2,41,46.17
413,[10*]N1C(=O)N[C@H]2C[C@]1(C)Oc1ccc(Br)cc12,41,41.57
414,[1*]C(=O)CN=C(N)N1CCC2(CCC2)C1,41,58.69
415,[6*]C(=O)NN=C1CC(=O)CC(C)(C)C1,40,58.53
416,[5*]N1CCC2(CC1)NC(=O)c1c(F)cccc1N2,40,44.37
417,[15*][C@@H]1CSC(N)=C1C#N,40,49.81
418,[14*]c1nc2sccc2c(=O)o1,40,43.10
419,[14*]c1ccc2nnc(Cl)n2n1,40,43.08
420,[1*]C(=O)CCS(=O)(=O)c1ccccc1,40,51.21
421,[1*]C(=O)C1=C(C)Nc2ncnn2C1c1ccccc1,40,59.81
422,[9*]n1c(O)cn(C)c1=O,39,47.16
423,[5*]N1CCC2(CC1)NC(=O)c1cc(F)c(F)cc1N2,39,44.37
424,[16*]c1c[nH]c2[nH]c(=O)[nH]c(=O)c12,39,81.51
425,[9*]n1cnc2nc(Cl)ncc21,38,43.60
426,[6*]C(=O)N/N=C1/CCC[C@@H](C)C1,38,41.46
427,[5*]N1c2ncccc2C(=O)N(C)c2ccc(Cl)nc21,38,49.33
428,[16*]c1cc2cc(Cl)cnc2[nH]c1=O,38,45.75
429,[15*][C@H]1CC(=O)C2=C(C1)OC(N)=C(C=O)C2,38,69.39
430,[13*][C@H]1Nc2cc(C)ccc2S(=O)(=O)N1,38,58.20
431,[13*]C1SCC(=O)NC1=O,38,46.17
432,[13*]C1CCCCN1S(=O)(=O)N1CCOCC1,38,49.85
433,[12*]S(=O)(=O)c1ccc2c(c1)C(=O)Nc1ccc(C)cc1O2,38,72.47
434,[5*]N1CCc2nc[nH]c(=O)c2C1,37,48.99
435,[16*]c1cnc2[nH]ncc2c1,37,41.57
436,[16*]c1cccc2c1O[C@@]1(C)C[C@H]2NC(=O)N1,37,50.36
437,[16*]c1c[nH]c2cnc(C#CC(C)(C)O)cc12,37,48.91
438,[14*]c1nc2cccc(Cl)c2c(=O)o1,37,43.10
439,[13*][C@@]1(C)Cn2nc(C)cc2C(=O)N1,37,46.92
440,[1*]C(=O)C[n+]1cc([O-])on1,37,70.04
441,[9*]n1c2c(ccc1=O)C(N)CCC2,36,48.02
442,[8*]CC(=O)NNC(C)=O,36,58.20
443,[16*]c1ccc2c(c1)ncc1c(=O)[nH][nH]c12,36,61.54
444,[16*]c1ccc(S(=O)(=O)O)cc1,36,54.37
445,[16*]c1cc([N+](=O)[O-])ccc1C,36,43.14
446,[14*]c1nonc1N,36,64.94
447,[14*]c1nc2c(c(=O)[nH]1)S[C@@H](C)C2,36,45.75
448,[12*]S(=O)(=O)c1cccc([SH](=O)=O)c1,36,68.28
449,[1*]C(=O)C[C@@H]1CSc2nccc(=O)n21,36,51.96
450,[5*]N1[C@@H](CC(=O)O)c2ccccc2S1(=O)=O,35,74.68
451,[16*]c1ccnc2c1[nH]c(=O)n2C,35,50.68
452,[16*]c1ccccc1S(N)(=O)=O,35,60.16
453,[15*][C@@H]1C(C#N)=C(N)OC(CC)=C1C=O,35,76.11
454,[14*]c1nccc2c(=O)[nH]cnc12,35,58.64
455,[14*]c1ncc2[nH]ccc2c1O,35,48.91
456,[14*]c1cc(=O)c2cc3c(cc2[nH]1)OCO3,35,51.32
457,[13*]C1SC(N2CCOCC2)=NC1=O,35,41.90
458,[13*]C1CC(c2ccc(Cl)cc2)n2ncnc2N1,35,42.74
459,[12*]S(=O)(=O)c1cnc[nH]1,35,62.82
460,[16*]c1cccc(C2=NC3(CCNCC3)NC2=O)c1,34,53.49
461,[16*]c1ccc2cccc3c2c1C(=O)NC3=O,34,46.17
462,[16*]c1ccc2c(c1)[C@@H]1C[C@](C)(NC(=O)N1)O2,34,50.36
463,[16*]c1ccc2c(c1)S(=O)(=O)N(C)C2=O,34,54.45
464,[16*]c1ccc(C(=N)N)cc1,34,49.87
465,[10*]N1C(=O)Nc2cc(Cl)cc(Cl)c2S1(=O)=O,34,66.48
466,[10*]N1C(=O)NC2(CCCCC2C)C1=O,34,49.41
467,[1*]C(=O)C[C@H]1CSc2nccc(=O)n21,34,51.96
468,[9*]n1ncc2c1NC(=O)CC2c1ccc(O)cc1,33,67.15
469,[5*]NC1=C(C(=O)O)CCS1,33,49.33
470,[16*]c1cnc2c(c1)C(=O)N(C)c1cccnc1N2,33,58.12
471,[16*]c1ccc2[nH]c3c(c(=O)c2c1)CNCC3,33,44.89
472,[15*][C@H]1C[C@H]2C(=O)N[C@H](C)C(=O)N2C1,33,49.41
473,[15*]C1(S(=O)(=O)c2ccc(F)cc2)CCNC1,33,46.17
474,[14*]c1oc(=O)cc(O)c1C,33,50.44
475,[14*]c1oc(=O)c(C)c(O)c1C,33,50.44
476,[14*]c1nc2ccc(C)cc2c(=O)o1,33,43.10
477,[14*]c1n[nH]cc1O,33,48.91
478,[13*][C@H]1CC(C#N)=C(N)S1,33,49.81
479,[12*]S(=O)(=O)c1cc[nH]c1,33,49.93
480,[8*]CN1N=C(C=O)S(=O)(=O)c2ccc(C)cc21,32,66.81
481,[5*]NC(N)=Nc1nc2c(c(=O)[nH]1)CCCC2,32,96.16
482,[16*]c1ccc(Cl)c2c(=O)c3c([nH]c12)CCNC3,32,44.89
483,[16*]c1c[nH]c(=O)[nH]c1=O,32,65.72
484,[16*]c1c([N+](=O)[O-])cc2c3c(cccc13)C(=O)NC2=O,32,89.31
485,[15*]C1C(C#N)=C(N)OC(C)=C1C(C)=O,32,76.11
486,[14*]c1nc(N)cn2ccnc12,32,56.21
487,[14*]c1n[nH]c2c1C(=O)C[C@H](C)C2,32,45.75
488,[14*]c1ccc2c(=O)[nH]cnc2n1,32,58.64
489,[1*]C(=O)C1=C(C)OC(C)=C(C=O)C1,32,43.37
490,[7*]=C(C#N)C(N)=O,31,66.88
491,[6*]C(=O)N/N=C1/CCCC[C@H]1C,31,41.46
492,[14*]c1nn2c(=O)c3ccccc3nc2s1,31,47.26
493,[14*]c1nccc2nc[nH]c12,31,41.57
494,[14*]c1cc2c(=O)n3cc(C)ccc3nc2[nH]1,31,50.16
495,[13*][C@H]1CCCN1C1=NS(=O)(=O)c2ccccc21,31,49.74
496,[13*][C@@H]1C[C@H](c2ccc(F)cc2)n2ncnc2N1,31,42.74
497,[13*][C@@H]1C[C@H](c2ccc(Cl)cc2)n2ncnc2N1,31,42.74
498,[13*][C@@H]1C[C@@H](c2ccc(F)cc2)n2ncnc2N1,31,42.74
499,[13*]C1CCO[C@]2(O1)C(=O)Nc1ccccc12,31,47.56
500,[9*]n1ncc2c1NC(=O)C[C@H]2c1ccc(O)cc1,30,67.15
501,[9*]n1cnc2nc(Cl)nc(Cl)c21,30,43.60
502,[8*]C(O)C1=NCCCN1,30,44.62
503,[7*]=Cc1nc2[nH]ncc2c(=O)[nH]1,30,74.43
504,[5*]N1C(CC)=NS(=O)(=O)c2ccccc21,30,49.74
505,[16*]c1cccc2ncoc(=O)c12,30,43.10
506,[16*]c1cccc2c1O[C@]1(C)C[C@H]2NC(=O)N1,30,50.36
507,[16*]c1ccc2c3c(cccc13)C(=O)N(O)C2=O,30,57.61
508,[15*]C1C2NC(=O)NC1(C)Oc1ccccc12,30,50.36
509,[14*]c1nc2c(Cl)ncnc2[nH]1,30,54.46
510,[14*]c1cc(=O)c2cn[nH]c2[nH]1,30,61.54
511,[14*]c1c(C)cc2n1CCC2C(=O)O,30,42.23
512,[9*]n1nc2n(c1=O)C(C(=O)O)CCC2,29,77.12
513,[6*]C(=O)NN=C1[C@H](C)CCC[C@H]1C,29,41.46
514,[5*]N1CCC2(CC1)NC(=O)c1cc(F)ccc1N2,29,44.37
515,[16*]c1cccc2[nH]n(C=O)c(=O)c12,29,54.86
516,[16*]c1ccc2c(c1)NC(=O)NS2(=O)=O,29,75.27
517,[15*][C@H]1CSC(N)=C1C#N,29,49.81
518,[15*][C@H]1C(=O)Nc2c(c(C)nn2C)[C@H]1c1ccccc1,29,46.92
519,[15*][C@@H]1C(C#N)=C(N)OC(C)=C1C(C)=O,29,76.11
520,[15*][C@@H]1C(=O)C=C(C)OC1=O,29,43.37
521,[15*]C1C(C#N)=C(N)OC2=C1C(=O)CC(C)C2,29,76.11
522,[15*]C1C(=O)Nc2ccccc2N=C1c1ccccc1,29,41.46
523,[14*]c1nc(C#N)cc2c(C)c(C)[nH]c12,29,52.47
524,[14*]c1ccnc2c3c(C)cc(C)nc3nn12,29,43.08
525,[10*]N1C(=O)NC2C1N(C)C(=O)N2C,29,55.89
526,[6*]C(=O)NN=C1[C@@H](C)CCC[C@@H]1C,28,41.46
527,[6*]C(=O)N1CCCC(=O)N1,28,49.41
528,[6*]C(=O)N/N=C1/CC(=O)CC(C)(C)C1,28,58.53
529,[5*]N1C=NS(=O)(=O)c2ccc(C)cc21,28,49.74
530,[16*]c1cnc[nH]c1=O,28,45.75
531,[16*]c1ccc(C2=Nc3ccccc3N(CC=O)C(=O)C2)cc1,28,49.74
532,[16*]c1ccc(/C=N\n2cnnc2)cc1,28,43.07
533,[16*]c1cc2c([nH]c1=O)CCC[C@H]2N,28,58.88
534,[15*][C@@H]1C(C#N)=C(N)OC2=C1C(=O)C[C@H](C)C2,28,76.11
535,[15*][C@@H]1C(C#N)=C(N)OC2=C1C(=O)C[C@@H](C)C2,28,76.11
536,[15*]C1(S(=O)(=O)c2ccccc2)CCNCC1,28,46.17
537,[14*]c1nc2n(n1)CCCC2N,28,56.73
538,[14*]c1nc(Cl)c2cn[nH]c2n1,28,54.46
539,[13*][C@@H]1CC(=O)NC(=O)N1,28,58.20
540,[12*]S(=O)(=O)c1cn2c(n1)CCCC2C,28,51.96
541,[12*]S(=O)(=O)c1ccccc1[N+](=O)[O-],28,77.28
542,[10*]N1C(=O)N[C@@H]2C[C@@]1(C)Oc1ccc(Cl)cc12,28,41.57
543,[9*]n1cnc2c1[C@@H](C=O)NCC2,27,46.92
544,[7*]=C1OC(N)=C(C(=O)[O-])C1=O,27,92.45
545,[5*]NC1=NS(=O)(=O)c2cc([N+](=O)[O-])ccc21,27,101.67
546,[5*]N1CCN(S(=O)(=O)N2CCCC2C)CC1,27,43.86
547,[16*]c1ccc2oc3c(=O)[nH]cnc3c2c1,27,58.89
548,[16*]c1ccc([N+](=O)[O-])cc1F,27,43.14
549,[16*]c1cc2n(c1)CCC2C(=O)O,27,42.23
550,[16*]c1c(O)c2cc(F)cc3c2n(c1=O)[C@@H](C)CC3,27,42.23
551,[16*]c1c(O)c2cc(F)cc3c2n(c1=O)C(C)CC3,27,42.23
552,[15*]C1CC(=O)NC(=O)C1,27,46.17
553,[14*]c1nc2c(cc1C#N)COC(C)(C)C2,27,45.91
554,[14*]c1nc(=O)[nH]c2ccc([N+](=O)[O-])cc12,27,88.89
555,[13*]C1OC(c2cccc(Br)c2)=NN1C(C)=O,27,41.90
556,[13*]C1(C)NC(=O)C2(CCCC2)NC1=O,27,58.20
557,[10*]N1N=C(C=O)CCC1=O,27,49.74
558,[1*]C(=O)[C@H]1NCCc2nc[nH]c21,27,57.78
559,[1*]C(=O)N(C)/N=C1/CCCC(=O)C1,27,49.74
560,[1*]C(=O)CC1=CC(=O)N(CC=O)c2cc(C)c(C)cc2N1,27,66.48
561,[1*]C(=O)C1=C(N)OC(C)=C(C#N)C1,27,76.11
562,[1*]C(=O)C1=C(C)NC(=O)NC1,27,58.20
563,[8*]CCN=C(N)N,26,64.40
564,[5*]NS(=O)(=O)O,26,66.40
565,[16*]c1ccnc2nc(C)[nH]c(=O)c12,26,58.64
566,[16*]c1ccn[nH]c1=O,26,45.75
567,[16*]c1ccc([N+](=O)[O-])cc1Br,26,43.14
568,[16*]c1cc(Cl)cc2c1S(=O)(=O)NC(=O)N2C,26,66.48
569,[14*]c1ncc(C)c2nc[nH]c12,26,41.57
570,[14*]c1nc(C)c2ccc(=O)[nH]c2n1,26,58.64
571,[14*]c1n[nH]c2c1C(=O)C(C)(C)CC2,26,45.75
572,[13*]C1CC(=O)NC(=O)N1C,26,49.41
573,[12*]S(=O)(=O)c1ccc2[nH]c(=O)[nH]c2c1,26,82.79
574,[10*]N1C(=O)c2cccc3c(O)ccc(c23)C1=O,26,57.61
575,[1*]C(=O)CN1C(=O)C=C(CC=O)Nc2cc(C)c(C)cc21,26,66.48
576,[1*]C(=O)C1=C(C)Nc2ncnn2[C@@H]1c1ccccc1,26,59.81
577,[9*]n1nc(C)c([SH](=O)=O)c1C,25,51.96
578,[9*]n1c(C)c(C)c2cc(C#N)ncc21,25,41.61
579,[16*]c1cccc(C2NCCc3cc(O)c(O)cc32)c1,25,52.49
580,[16*]c1cccc(C2=Nc3cc(C)ccc3NC(=O)C2)c1,25,41.46
581,[16*]c1ccc(C2=NNC(=O)C(C)(C)C2)cc1,25,41.46
582,[16*]c1ccc(Br)cc1[N+](=O)[O-],25,43.14
583,[15*][C@H]1CN(C)C[C@]12NC(=O)NC2=O,25,61.44
584,[15*]C1CCN(S(N)(=O)=O)CC1,25,63.40
585,[14*]c1n[nH]c2cc(Cl)ncc12,25,41.57
586,[13*]C1CC(=O)NN1C=O,25,49.41
587,[10*]N1C(=O)N[C@@H]2C[C@@]1(C)Oc1ccc(C)cc12,25,41.57
588,[1*]C(=O)NN=C1CCNCC1,25,53.49
589,[9*]n1nc(Br)c(=O)[nH]c1=O,24,67.75
590,[9*]n1c(C)nc2cnccc2c1=O,24,47.78
591,[8*][C@@H](N)C=O,24,43.09
592,[8*]CC(=O)NO,24,49.33
593,[7*]=Cc1sc2[nH]c(=O)[nH]c(=O)c2c1C,24,65.72
594,[6*]C(=O)N/N=C1\CCCC(C)C1,24,41.46
595,[6*]C(=O)C[n+]1c(N)[nH]c2ccccc21,24,62.76
596,[6*]C(=O)C(=O)O,24,54.37
597,[5*]NC(N)=NC1CCC12CCC2,24,50.41
598,[5*]N1CCC2(CC1)NC(=O)NC2=O,24,61.44
599,[16*]c1ccc([C@@H]2C(C#N)=C(N)Oc3n[nH]c(C)c32)cc1,24,87.72
600,[16*]c1ccc(O)c2[nH]c(=O)sc12,24,53.09
601,[16*]c1ccc(C#N)cc1S(C)(=O)=O,24,57.93
602,[15*]C1CC(N=C(N)N)C12CCC2,24,64.40
603,[14*]c1nc2c(oc3ccc(C)cc32)c(=O)[nH]1,24,58.89
604,[14*]c1ccnc(=O)[nH]1,24,45.75
605,[14*]c1ccn(S(=O)(=O)c2ccc(C)cc2)n1,24,51.96
606,[14*]c1ccc2ccc(N)nc2n1,24,51.80
607,[14*]c1cc2[nH]ncc2c(C)n1,24,41.57
608,[13*][C@H]1OC(c2cccc(Br)c2)=NN1C(C)=O,24,41.90
609,[13*][C@H]1CC(=NO)CCN1,24,44.62
610,[13*]C1Cc2c([nH]c3ccccc23)C(=O)N1,24,44.89
611,[13*]C1CC(c2cccs2)=NN1S(C)(=O)=O,24,49.74
612,[10*]N1C(=O)N[C@@H]2NC(=O)N[C@@H]21,24,73.47
613,[1*]C(=O)CCC(=O)C(C#N)=C1N(C)c2ccccc2N1C,24,64.41
614,[9*]n1c2c(c(=O)[nH]c1=O)CCC2,23,54.86
615,[9*]n1c(C)cc(C)c(S(=O)(=O)c2ccc(Br)cc2)c1=O,23,56.14
616,[9*]n1[nH]c(=O)c2cc([N+](=O)[O-])ccc21,23,80.93
617,[8*]CN=CC1=C(O)CC(C)(C)CC1=O,23,49.66
618,[6*]C(=O)NNC1=CC(=O)CC(C)(C)C1,23,58.20
619,[6*]C(=O)N/N=C1\CC(C)CC(C)(C)C1,23,41.46
620,[4*]CC(=O)N/N=C1\CCCC(C)C1,23,41.46
621,[16*]c1cc2c(C)ncnc2[nH]c1=O,23,58.64
622,[15*][C@H]1C(C#N)=C(N)OC(CCC)=C1C=O,23,76.11
623,[15*][C@@H]1C(C#N)=C(N)OC(CCC)=C1C=O,23,76.11
624,[15*][C@@H]1C(=O)CNC1=O,23,46.17
625,[15*]C1CC(=O)C(C=NCC)=C(O)C1,23,49.66
626,[14*]c1ncc2c(C)n[nH]c2n1,23,54.46
627,[14*]c1nc2ncnc(Cl)c2[nH]1,23,54.46
628,[14*]c1n[nH]c2ccnc(C)c12,23,41.57
629,[14*]c1cc2[nH]c(=O)[nH]c(=O)c2[nH]1,23,81.51
630,[13*][C@H]1CC(c2cccs2)=NN1S(C)(=O)=O,23,49.74
631,[13*]C1OC(c2ccc(Br)cc2)=NN1C(C)=O,23,41.90
632,[13*]C1CCCN1S(=O)(=O)N1CCNCC1,23,52.65
633,[13*]C1CC(c2ccccc2Cl)n2ncnc2N1,23,42.74
634,[12*]S(=O)(=O)c1cccc2c1OCC2,23,43.37
635,[10*]N1C(=O)N[C@H]2[C@H]1N(C)C(=O)N2C,23,55.89
636,[1*]C(=O)CN1C(=O)C2(OCCCO2)c2ccccc21,23,55.84
637,[1*]C(=O)CCS(=O)(=O)c1ccc(C)cc1,23,51.21
638,[1*]C(=O)C1NC(=O)COc2ccc(Cl)cc21,23,55.40
639,[1*]C(=O)C1CC(=O)Nc2ccccc21,23,46.17
640,[1*]C(=O)C(C)CN,23,43.09
641,[9*]n1ncc2c1NC(=O)C[C@H]2c1cccc(O)c1,22,67.15
642,[9*]n1ncc2c1NC(=O)C[C@@H]2c1cccc(O)c1,22,67.15
643,[9*]n1ncc2c1CCCC2N,22,43.84
644,[9*]n1cnc2c(cnn2C)c1=O,22,52.71
645,[9*]n1ccc2ncnc(N)c21,22,56.73
646,[6*]C(=O)C(C#N)C=O,22,57.93
647,[4*]C(C)(C)C(N)=O,22,43.09
648,[15*][C@H]1CCC(N)=CC1=O,22,43.09
649,[15*]C1CC(c2ccc(Cl)cc2)=NNC1=O,22,41.46
650,[15*]C1([N+](=O)[O-])C(=O)c2ccccc2C1=O,22,77.28
651,[14*]c1nnc2c3ccccc3n(C)c2n1,22,43.60
652,[14*]c1nc2c(cc1C#N)CNCC2,22,48.71
653,[14*]c1nc(N)cc(Cl)n1,22,51.80
654,[14*]c1cc2c(=O)[nH]c(=O)n(C)c2[nH]1,22,70.65
655,[13*][C@H]1SC(c2ccc(O)cc2)=NC1=O,22,49.66
656,[13*][C@H]1NC(=O)N(C)C2=C1C(=O)CC(C)(C)C2,22,49.41
657,[13*][C@@H]1SC(c2ccc(O)cc2)=NC1=O,22,49.66
658,[1*]C(=O)C[C@@H](C)CC1=NS(=O)(=O)c2ccccc2N1,22,75.60
659,[1*]C(=O)CN1C(=O)CC(c2ccc(C)cc2)=Nc2ccccc21,22,49.74
660,[9*]n1nnc2sccc2c1=O,21,47.78
661,[8*]C[N+](=O)[O-],21,43.14
662,[8*]C(C)(N)C=O,21,43.09
663,[7*]=C1SC(=O)NC1=NC,21,41.46
664,[6*]C(=O)N/N=C(\C)c1c(O)cc(C)oc1=O,21,91.90
665,[5*]NS(=O)[O-],21,52.16
666,[5*]N1c2ccccc2C(=O)CS1(=O)=O,21,54.45
667,[5*]N1CCN(S(=O)(=O)N2CCOC(C)(C)C2)CC1,21,53.09
668,[16*]c1ccc(Br)cc1C1=NN(C(C)=O)CO1,21,41.90
669,[16*]c1ccc(Br)c([N+](=O)[O-])c1,21,43.14
670,[16*]c1cc2c(=O)cc[nH]c2nc1C,21,45.75
671,[14*]c1nnc2cncc(Cl)n12,21,43.08
672,[13*][C@H]1NC(=O)CC1=O,21,46.17
673,[13*][C@H]1CNC(=O)C(=O)N1,21,58.20
674,[13*][C@@H]1NC(=O)NC1=O,21,58.20
675,[10*]N1N=C(c2ccc(C)cc2)OCC1=O,21,41.90
676,[10*]N1C(=O)N[C@@H]2[C@@H]1N(C)C(=O)N2C,21,55.89
677,[1*]C(=O)CS(C)(=O)=O,21,51.21
678,[1*]C(=O)CN1C(=O)CC(c2cccs2)=Nc2cc(C)c(C)cc21,21,49.74
679,[1*]C(=O)C1=C(N)OC(C)=C(C=O)C1,21,69.39
680,[9*]n1cnc2cnc(I)nc21,20,43.60
681,[9*]n1c(=O)[nH]c(=O)c2cc(C)sc21,20,54.86
682,[9*]n1[nH]c2c(cnc3cc(C)ccc32)c1=O,20,50.68
683,[6*]C(=O)NN=C1CC(C)CC(C)(C)C1,20,41.46
684,[5*]N1C[C@H](C)[C@@H](N)c2ncccc21,20,42.15
685,[16*]c1cc(C2CC(=O)Nc3[nH]ncc32)ccc1O,20,78.01
686,[16*]c1cc(Br)cc2c1O[C@]1(C)C[C@@H]2NC(=O)N1,20,50.36
687,[15*][C@]1(S(=O)(=O)c2ccc(F)cc2)CCNC1,20,46.17
688,[14*]c1nnn2cc(C)[nH]c(=O)c12,20,63.05
689,[14*]c1nc2[nH]c(=O)n(C)c(=O)c2[nH]1,20,83.54
690,[14*]c1cn2c(O)c(C)nc2cn1,20,50.42
691,[14*]c1[nH]nc2c1C(c1ccccc1F)C(C#N)=C(N)O2,20,87.72
692,[14*]c1[nH]nc2c1C(c1ccc(Br)cc1)C(C#N)=C(N)O2,20,87.72
693,[14*]c1[nH]nc2c1C(c1c(F)cccc1Cl)C(C#N)=C(N)O2,20,87.72
694,[13*]C1Oc2ccc(Cl)cc2C(C=O)NC1=O,20,55.40
695,[13*]C1CC(c2ccc3c(c2)OCO3)=NN1C(C)=O,20,51.13
696,[10*]N1C(=O)COc2ccc(Br)cc2C1C=O,20,46.61
697,[8*]CS(=O)c1nc2ccncc2[nH]1,19,58.64
698,[8*]CCCN=C(N)N1CCC2(CCC2)C1,19,41.62
699,[6*]C(=O)N1CCC(c2ccccn2)=N1,19,45.56
700,[6*]C(=O)N1C(=O)c2cccc3c([SH](=O)=O)ccc1c23,19,71.52
701,[5*]N1CCC2(CC1)NC(=O)c1c(ccc(Cl)c1Cl)N2,19,44.37
702,[5*]N1C(C(C#N)=C(O)O)c2ccccc2S1(=O)=O,19,101.63
703,[4*]CC(=O)N/N=C1/CCCC[C@@H]1C,19,41.46
704,[3*]ON=C(CC)C1=C(O)CCCC1=O,19,58.89
705,[16*]c1ccccc1C1=NNC(=O)CC1C,19,41.46
706,[16*]c1cccc([C@H]2CCNc3ncnn32)c1,19,42.74
707,[16*]c1ccc(C2CC(=O)Nc3c2cnn3C)cc1,19,46.92
708,[16*]c1c[nH]c2ncncc12,19,41.57
709,[16*]c1c(C)cc(C2=NNC(=O)CC2C)cc1Cl,19,41.46
710,[14*]c1ccn2nc3ncccc3c2n1,19,43.08
711,[14*]c1[nH]nc2c1C(c1cccc(Br)c1)C(C#N)=C(N)O2,19,87.72
712,[13*][C@]1(O)CC(c2cccnc2)=NN1C=O,19,65.79
713,[13*][C@H]1OC(c2ccc(Br)cc2)=NN1C(C)=O,19,41.90
714,[13*][C@H]1C[C@H](c2ccccc2Cl)n2ncnc2N1,19,42.74
715,[13*]C1CC(N)=C(C(=O)O)S1,19,63.32
716,[1*]C(=O)CCC(C)(C)N,19,43.09
717,[9*]n1nccc1[SH](=O)=O,18,51.96
718,[9*]n1ccn2cnnc2c1=O,18,52.19
719,[9*]n1c(=O)cn[nH]c1=O,18,67.75
720,[6*]C(=O)NN=C1CCCC(=O)C1,18,58.53
721,[5*]NS(=O)(=O)N1CCCC1,18,49.41
722,[5*]NC(=S)C1=C(N)CCCC1=O,18,55.12
723,[5*]N1CCN(CN2C(=O)C(=O)c3cc(Cl)ccc32)CC1,18,43.86
724,[5*]N/C([O-])=N/c1c[n+](C(C)C)no1,18,77.36
725,[16*]c1ccccc1[C@@H]1C(C#N)=C(N)Oc2n[nH]c(C)c21,18,87.72
726,[16*]c1ccccc1C1NCCc2cc(O)c(O)cc21,18,52.49
727,[16*]c1cccc([C@@H]2CC(=O)Nc3c2c(C)nn3C)c1,18,46.92
728,[16*]c1cccc([C@@H]2CC(=O)Nc3[nH]nc(C)c32)c1,18,57.78
729,[16*]c1cccc(C=NN2CCNCC2)c1O,18,47.86
730,[16*]c1ccc2[nH]c3c(c2c1)CCC3CC(=O)O,18,53.09
731,[16*]c1ccc([C@H]2CC(=O)Nc3c2cnn3C)cc1,18,46.92
732,[16*]c1ccc(S(=O)(=O)[C@@H]2CCNC2)cc1,18,46.17
733,[16*]c1cc2c(cc1O)oc(=O)c1ccccc12,18,50.44
734,[16*]c1cc([C@H]2CC(=O)Nc3[nH]ncc32)ccc1O,18,78.01
735,[16*]c1cc([C@@H]2CC(=O)Nc3[nH]ncc32)ccc1O,18,78.01
736,[16*]c1cc(C)nc2c1c(=O)[nH]c(=O)n2C,18,67.75
737,[14*]c1nccn2c(O)c(C)nc12,18,50.42
738,[14*]c1ncc2[nH]c(Br)c(Br)c2c1O,18,48.91
739,[14*]c1nc2c(N)ncnc2[nH]1,18,80.48
740,[14*]c1cc(C)c2c(=O)cc[nH]c2n1,18,45.75
741,[14*]c1cc(=O)nc[nH]1,18,45.75
742,[13*][C@H]1C/C(=N/O)CCN1,18,44.62
743,[13*][C@@H]1CC[C@H](C)NS1(=O)=O,18,46.17
744,[13*]C1Oc2ccc(Br)cc2C(C(=O)O)NC1=O,18,75.63
745,[13*]C1CN(C(N)=NC)CCO1,18,50.85
746,[12*]S(=O)(=O)c1cc2c(cc1F)NC(=O)CC2,18,63.24
747,[12*]S(=O)(=O)c1cc(C)nn1C,18,51.96
748,[10*]N1C(=O)COc2ccc(Br)cc2C1C(=O)O,18,66.84
749,[1*]C(=O)n1ncc2c1CCOC2,18,44.12
750,[1*]C(=O)[C@@H](N)C(C)C,18,43.09
751,[1*]C(=O)CN1C(=O)[C@H](C)NC(=O)c2ccccc21,18,66.48
752,[1*]C(=O)CN1C(=O)[C@@H](C)NC(=O)c2ccccc21,18,66.48
753,[1*]C(=O)CC1NC(=O)c2ccccc21,18,46.17
754,[9*]n1nnc2ccc(F)cc2c1=O,17,47.78
755,[9*]n1c(N)nc2cnccc21,17,56.73
756,[9*]n1[nH]c2c(cnc3c(F)cc(F)cc32)c1=O,17,50.68
757,[8*]CN1C(=O)[C@@H](N)CS(=O)(=O)c2ccccc21,17,80.47
758,[8*]CC(=O)NNC(N)=S,17,67.15
759,[8*]C(C#N)C1=NS(=O)(=O)c2ccccc21,17,70.29
760,[6*]C(=O)NN=C1CC(C)(C)NC(C)(C)C1,17,53.49
761,[6*]C(=O)NN=C(C)C1C(=O)c2ccccc2C1=O,17,75.60
762,[6*]C(=O)N1N=C(c2cccnc2)C[C@@H]1O,17,65.79
763,[5*]NC1=NS(=O)(=O)c2cc(Cl)cc(O)c2N1,17,90.79
764,[5*]NC(=S)C1=C(O)CCCC1=O,17,49.33
765,[5*]N1c2cc(F)ccc2NS1(=O)=O,17,49.41
766,[5*]N1CCC2(CC1)NC(=O)c1ccc(F)cc1N2,17,44.37
767,[5*]N1CCC(S(=O)(=O)c2nccn2C)CC1,17,55.20
768,[5*]N1CCC(S(=O)(=O)c2ccc(O)cc2)C1,17,57.61
769,[16*]c1ccnc2[nH]c(=O)n(C)c12,17,50.68
770,[16*]c1cccc2c1NS(=O)(=O)N2C,17,49.41
771,[16*]c1cccc(C2C(C#N)=C(N)Oc3n[nH]c(C)c32)c1,17,87.72
772,[16*]c1ccc2c(c1)S(=O)(=O)N[C@H]2CC=O,17,63.24
773,[16*]c1ccc2c(c1)S(=O)(=O)NC2,17,46.17
774,[16*]c1ccc2c(c1)NC(CCC=O)=NS2(=O)=O,17,75.60
775,[16*]c1cc2c3c(cccc3c1)C(=O)N(O)C2=O,17,57.61
776,[16*]c1cc(O)c(O)c(=O)cc1C,17,57.53
777,[16*]c1cc(Cl)cc2[nH]c(=O)c(=O)[nH]c12,17,65.72
778,[16*]c1cc(Br)cc2c1O[C@@]1(C)C[C@@H]2NC(=O)N1,17,50.36
779,[15*][C@H]1CC(=O)c2cc(C#N)c(=O)[nH]c2C1,17,73.72
780,[14*]c1nc(N)nc2cc[nH]c12,17,67.59
781,[14*]c1nc(C)nc2[nH]nc(C)c12,17,54.46
782,[14*]c1nc(=O)n2cc(C)ccc2n1,17,47.26
783,[14*]c1n[nH]c2c(Cl)cccc2c1=O,17,45.75
784,[14*]c1cn2ccnc(N)c2n1,17,56.21
785,[14*]c1ccnn1S(=O)(=O)c1ccccc1,17,51.96
786,[14*]c1cc2c(nn1)CC(C)CC2O,17,46.01
787,[14*]c1[nH]nc2c1C(c1cccc(F)c1)C(C#N)=C(N)O2,17,87.72
788,[13*][C@@H]1C[C@@H](S(=O)(=O)c2ccc(Cl)cc2Cl)CN1,17,46.17
789,[13*]C1CC(c2ccccn2)=NN1C=O,17,45.56
790,[1*]C(=O)C1NC(=O)COc2c(C)cccc21,17,55.40
791,[9*]n1ncc2c1CCC[C@H]2N,16,43.84
792,[7*]=Cc1cc([N+](=O)[O-])ccc1Cl,16,43.14
793,[7*]=C1SC(N=C(N)N)=NC1=O,16,93.83
794,[7*]=C1NC(=O)CC1=O,16,46.17
795,[5*]N1Cc2nc(N)nc(N)c2C1,16,81.06
796,[5*]N1CCc2[nH]c(=O)[nH]c(=O)c2C1,16,68.96
797,[5*]N1CCN(S(=O)(=O)N2CCCCC2)CC1C,16,43.86
798,[5*]N1CCN(CN2C(=O)C(=O)c3cc(Br)ccc32)CC1,16,43.86
799,[5*]N1CC(C)NS1(=O)=O,16,49.41
800,[16*]c1cnc2c(c1)C(=O)NC2=O,16,59.06
801,[16*]c1ccc2c(c1)c(=O)oc1cc(O)ccc12,16,50.44
802,[16*]c1ccc2c(c1)NC=NS2(=O)=O,16,58.53
803,[16*]c1ccc(C2=C(N)c3ccccc3C2=O)cc1,16,43.09
804,[16*]c1c[nH]c2cnc(C)nc12,16,41.57
805,[16*]c1c(C)nc(C)[nH]c1=O,16,45.75
806,[16*]c1c(C)n[nH]c(=O)c1C,16,45.75
807,[15*]C1CN=C(N)NC1,16,50.41
808,[14*]c1nn(C)c2c1C[C@H](C)C(=O)N2,16,46.92
809,[14*]c1nc2cc(Cl)ncc2[nH]1,16,41.57
810,[14*]c1[nH]nc2c1[C@@H](c1ccc(Br)cc1)C(C#N)=C(N)O2,16,87.72
811,[13*][C@@H]1CC(c2cccs2)=NN1C(=O)CCC(=O)O,16,69.97
812,[13*]C1CS(=O)(=O)CCN1,16,46.17
813,[13*]C1CC(c2cccs2)=NN1C(=O)CCC(=O)O,16,69.97
814,[12*]S(=O)(=O)c1cscn1,16,47.03
815,[12*]S(=O)(=O)c1cccnc1C#N,16,70.82
816,[12*]S(=O)(=O)c1cccc2c1OCCO2,16,52.60
817,[9*]n1c(=O)c(=O)[nH]c2cccnc21,15,67.75
818,[8*]CN=C(N)N1CCCC1,15,41.62
819,[8*]CN1C(=O)CNC(=O)c2cc(Cl)ccc21,15,49.41
820,[7*]=Cc1cnc2[nH]c(=O)ccc2c1,15,45.75
821,[7*]=CC(=O)N=C1N=C(CC=O)c2ccccc21,15,58.86
822,[6*]C(=O)N=C(N)N,15,81.47
823,[6*]C(=O)C#CC1(O)CCC2(CC1)OCCO2,15,55.76
824,[5*]NC(N)=Nc1ccc2cccc3c2c1CC3,15,50.41
825,[5*]NC(=S)N1CC(C)C(=O)N1,15,44.37
826,[5*]N1CCN(S(=O)(=O)N2C[C@@H](C)C[C@@H](C)C2)CC1,15,43.86
827,[3*]OS(=O)(=O)O,15,63.60
828,[16*]c1cn[nH]c(=O)c1,15,45.75
829,[16*]c1cc2[nH]c(=O)c(=O)[nH]c2cc1Cl,15,65.72
830,[16*]c1cc(C=NN2CCNCC2)ccc1O,15,47.86
831,[16*]c1c[nH]c2ncc(F)c(C)c2c1=O,15,45.75
832,[14*]c1ncc2c(=O)[nH]cnc2n1,15,71.53
833,[14*]c1nc(Cl)c2nn[nH]c2n1,15,67.35
834,[14*]c1ccc2cc(C#N)cnc2n1,15,49.57
835,[14*]c1ccc([N+](=O)[O-])cn1,15,56.03
836,[14*]c1ccc([C@H]2CC(=O)Nc3[nH]ncc32)o1,15,70.92
837,[14*]c1cc([SH](=O)=O)c(C)o1,15,47.28
838,[13*]C1CN(S(=O)(=O)N2CCCCC2)CCN1C,15,43.86
839,[13*]C1C(N)C(=O)NN1C,15,58.36
840,[12*]S(=O)(=O)c1ccncc1,15,47.03
841,[10*]N1C[C@H](C)n2ncc(N)c2C1=O,15,64.15
842,[10*]N1CC(=O)N2C[C@H](O)CC2C1=O,15,60.85
843,[10*]N1C(=O)COc2ccccc2C1C(=O)O,15,66.84
844,[10*]N1C(=O)C(N)CN1C,15,49.57
845,[1*]C(=O)[C@H]1CC(=O)Nc2ccccc21,15,46.17
846,[1*]C(=O)CN1C(=O)C(C)Oc2ccccc21,15,46.61
847,[1*]C(=O)C1NS(=O)(=O)c2ccccc21,15,63.24
848,[1*]C(=O)C1=C(N)SCC1,15,43.09
849,[9*]n1nc2n(c1=O)C(C=O)CCC2C,14,56.89
850,[9*]n1nc(C)c2c1NC(=O)CC2c1ccc(F)cc1,14,46.92
851,[9*]n1c(C)cc2c(c1=O)[C@@H](c1ccccc1)C(C#N)=C(N)O2,14,81.04
852,[9*]n1c(C)cc2c(c1=O)C(c1ccccc1)C(C#N)=C(N)O2,14,81.04
853,[9*]n1c(=O)[nH]c2nc(C)cc(C)c2c1=O,14,67.75
854,[8*]CCN=[N+]=[N-],14,48.76
855,[7*]=C(c1ccccc1)[N+](=O)[O-],14,43.14
856,[6*]C(=O)n1[nH]c(=O)c2ccccc21,14,54.86
857,[5*]NC1CCCn2nc(C)nc21,14,42.74
858,[5*]N1CCN(S(N)(=O)=O)CC1,14,66.64
859,[4*]CC(=O)NN1Cc2ccccc2C1=N,14,56.19
860,[16*]c1ccccc1S(=O)(=O)C1CCNCC1,14,46.17
861,[16*]c1cccc(S(=O)(=O)n2cnc(C)c2)c1,14,51.96
862,[16*]c1ccc(C2CCNc3nc(N)nn32)cc1,14,68.76
863,[16*]c1ccc(C2=NNC(=O)CC2C)cc1[N+](=O)[O-],14,84.60
864,[16*]c1ccc(/C=N/n2cnnc2)cc1,14,43.07
865,[15*]C1CCN(S(=O)(=O)N2C[C@H](C)O[C@H](C)C2)CC1,14,49.85
866,[15*]C1(C(=S)NC)CCCC/C1=N/O,14,44.62
867,[14*]c1sc2nc[nH]c(=O)c2c1C,14,45.75
868,[14*]c1nn(C)c2c1C(C)CC(=O)N2,14,46.92
869,[14*]c1nc2n(n1)C(c1ccccc1)C(C(N)=O)=C(C)N2,14,85.83
870,[14*]c1ccn2cnnc2n1,14,43.08
871,[14*]c1ccn(S(=O)(=O)c2ccccc2)n1,14,51.96
872,[14*]c1ccc([C@H]2CC(=O)Nc3c2cnn3C)o1,14,60.06
873,[14*]c1cc2c(=O)n(C)c(=O)n(C)c2[nH]1,14,59.79
874,[14*]c1[nH]nc2c1[C@H](c1ccccc1Cl)C(C#N)=C(N)O2,14,87.72
875,[14*]c1[nH]nc2c1[C@@H](c1ccc(Cl)cc1)C(C#N)=C(N)O2,14,87.72
876,[13*][C@]12NC(=O)N[C@@H]1N(C)C(=O)N2C,14,64.68
877,[13*][C@@H]1NC(=O)CC1=O,14,46.17
878,[13*]C1OC(=O)C(OC)=C1C=O,14,52.60
879,[13*]C1CNCCN1S(=O)(=O)N1CCCCC1C,14,52.65
880,[13*]C1CC2(CC(C)(C)N1[O])OCC(C)CO2,14,41.60
881,[13*]C12C[C@@H](O)CN1C(=O)CNC2=O,14,69.64
882,[12*]S(=O)(=O)c1cncs1,14,47.03
883,[12*]S(=O)(=O)c1ccc2nsnc2c1,14,59.92
884,[12*]S(=O)(=O)c1ccc2c(c1)CC(C)(C)O2,14,43.37
885,[12*]S(=O)(=O)c1c(C)nn(C)c1C,14,51.96
886,[12*]S(=O)(=O)CC=O,14,51.21
887,[10*]N1C(=O)c2ccc(Cl)cc2NC(=O)C1C,14,49.41
888,[10*]N1C(=O)[C@H](C)S/C1=C(\C#N)C=O,14,61.17
889,[10*]N1C(=O)NCC2=C1CN(C)C2=O,14,52.65
890,[10*]N1C(=O)NC2(CCNCC2)C1=O,14,61.44
891,[10*]N1C(=O)C(C)SC1=C(C#N)C=O,14,61.17
892,[10*]N1C(=O)C(C)S/C1=C(\C#N)C=O,14,61.17
893,[1*]C(=O)NO,14,49.33
894,[1*]C(=O)C[C@@H]1CSc2ncc(C)c(=O)n21,14,51.96
895,[1*]C(=O)CN1C(=O)C[C@H](C)S(=O)(=O)c2ccccc21,14,71.52
896,[1*]C(=O)CCN=C(N)N1CCC2(CCC2)C1,14,58.69
897,[1*]C(=O)C1CCC(C)c2n[nH]c(=O)n21,14,67.75
898,[1*]C(=O)C1=C(N)COC1=O,14,69.39
899,[1*]C(=O)/C(C#N)=C1\NC(=O)[C@@H](C)S1,14,69.96
900,[1*]C(=O)/C(C#N)=C1\NC(=O)C(C)S1,14,69.96
901,[9*]n1ncc2c(C)onc2c1=O,13,60.92
902,[9*]n1nc(C)c2c1OC(N)=C(C#N)[C@H]2c1ccccc1,13,76.86
903,[9*]n1c(=O)ccc2cnc(S(C)=O)nc21,13,64.85
904,[9*]n1c(=O)ccc2c(C)nc(N)nc21,13,73.80
905,[9*]n1c(=O)c2ccccc2n1C=O,13,44.00
906,[9*]n1[nH]c2c(cnc3c(C)cccc32)c1=O,13,50.68
907,[8*]CN1C(=O)CNC(=O)c2cc(C)ccc21,13,49.41
908,[8*]CCCN=C(N)N1CCC2(CCCCC2)C1,13,41.62
909,[8*]CC1=C(O)COC1=O,13,46.53
910,[7*]=Cc1csc2c(N)ncnc12,13,51.80
911,[7*]=C1OC(=O)c2cc([N+](=O)[O-])ccc21,13,69.44
912,[6*]C(=O)CN1N=C(c2ccccc2)c2ccccc2S1(=O)=O,13,66.81
913,[6*]C(=O)C1(C(=O)O)CCn2cccc21,13,59.30
914,[5*]N1CCC(=NNC(=O)CC)CC1,13,44.70
915,[5*]N1C(C)CNS1(=O)=O,13,49.41
916,[4*]CCCN1C(=O)CNC(=O)c2ccccc21,13,49.41
917,[16*]c1cnn2cnnc2c1,13,43.08
918,[16*]c1ccc2cc3c(=O)[nH]nc-3oc2c1,13,58.89
919,[16*]c1ccc(S(=O)(=O)N=C(N)N)cc1,13,98.54
920,[16*]c1ccc(C[N+](=O)[O-])cc1,13,43.14
921,[16*]c1cc2[nH]c(=O)c(=O)[nH]c2cc1[N+](=O)[O-],13,108.86
922,[16*]c1c[nH]c2ccnn2c1=O,13,50.16
923,[15*]C1CCc2nc3sc(C#N)c(N)c3cc2C1,13,62.70
924,[14*]c1oc2cccnc2c1N,13,52.05
925,[14*]c1nnc2n1N=C(c1ccc(Cl)c(Cl)c1)CS2,13,43.07
926,[14*]c1nn(C)c2ncncc12,13,43.60
927,[14*]c1ncccc1[N+](=O)[O-],13,56.03
928,[14*]c1ncc2nccnc2n1,13,51.56
929,[14*]c1ncc([SH](=O)=O)s1,13,47.03
930,[14*]c1nc2n(n1)C(c1cccc(Br)c1)C(C(N)=O)=C(C)N2,13,85.83
931,[14*]c1nc2n(n1)C(c1ccc(F)cc1)C(C(N)=O)=C(C)N2,13,85.83
932,[14*]c1nc2ccc(Cl)cc2c(=O)[nH]1,13,45.75
933,[14*]c1nc2c(C#N)nccc2[nH]1,13,65.36
934,[14*]c1nc(N)c2nc[nH]c2n1,13,80.48
935,[14*]c1nc(C)c2cccnc2c1O,13,46.01
936,[14*]c1[nH]nc2c1[C@@H](c1cccc(F)c1)C(C#N)=C(N)O2,13,87.72
937,[14*]c1[nH]c2c(cnn2C)c(=O)c1O,13,70.91
938,[13*][C@H]1OC(c2ccc(Cl)cc2Cl)=NN1C(C)=O,13,41.90
939,[13*][C@@]12NC(=O)N[C@@H]1N(C)C(=O)N2C,13,64.68
940,[13*]C1NC(=O)NC2=C1C(=O)N(C)C2,13,61.44
941,[13*]C1Cn2nccc2C(=O)N1,13,46.92
942,[13*]C1CCCCN1S(=O)(=O)N1CCOC(C)(C)C1,13,49.85
943,[1*]C(=O)n1oc(C)cc1=O,13,52.21
944,[1*]C(=O)C[SH](=O)=O,13,51.21
945,[1*]C(=O)CN1NC(=O)CC1C,13,49.41
946,[1*]C(=O)C1=C(C)Nc2ncnn2C1c1ccc(Cl)cc1,13,59.81
947,[9*]n1ncc2c1NC(=O)C[C@H]2c1cccc(Br)c1,12,46.92
948,[9*]n1ncc2c1NC(=O)C[C@@H]2c1cccc(Br)c1,12,46.92
949,[9*]n1ncc2c1NC(=O)C[C@@H]2CC,12,46.92
950,[9*]n1nc2oc3c(O)cccc3cc-2c1=O,12,68.26
951,[9*]n1nc(C)c2c1NC(=O)C[C@H]2c1cccs1,12,46.92
952,[9*]n1nc(C)c2c1NC(=O)C[C@@H]2c1cccc(Cl)c1,12,46.92
953,[9*]n1cnc2cnc(F)nc21,12,43.60
954,[9*]n1c(C)nc2sc3c(c2c1=O)C(C(=O)O)CC3,12,72.19
955,[9*]n1c(=O)[nH]c2c(N)ncnc21,12,89.59
956,[8*]CN1C(=O)C=C(CC=O)Nc2ccccc21,12,49.41
957,[8*]C(O)C(=O)NNc1ccc2ccccc2[nH+]1,12,75.50
958,[7*]=Cc1cc([N+](=O)[O-])ccc1O,12,63.37
959,[5*]NCC1=NCC(=O)O1,12,50.69
960,[5*]N1CNS(=O)(=O)c2cc(Cl)ccc21,12,49.41
961,[5*]N1CCC2(N)Oc3ccc(Cl)cc3C(CC(=O)O)C2C1,12,75.79
962,[4*]CCN1C(=O)CNC(=O)c2cc(C)ccc21,12,49.41
963,[3*]OS(=O)(=O)c1ccc2c3c(cccc13)CC2,12,43.37
964,[3*]ON=C1C(=O)N(C)c2ccc(Cl)cc21,12,41.90
965,[16*]c1ccccc1[C@H]1CC(=O)Nc2c1cnn2C,12,46.92
966,[16*]c1cccc2c1S(=O)(=O)NC2=O,12,63.24
967,[16*]c1cccc2c1C(N)=NS2(=O)=O,12,72.52
968,[16*]c1cccc(S(=O)(=O)n2ccnc2)c1,12,51.96
969,[16*]c1cccc(/C=N/n2cnnc2)c1,12,43.07
970,[16*]c1ccc2c(c1)N(CN1CCNCC1)C(=O)C2=O,12,52.65
971,[16*]c1ccc([C@H]2C(C=O)=C(C)Nc3ncnn32)cc1,12,59.81
972,[16*]c1ccc([C@@H]2C(C=O)=C(C)Nc3ncnn32)cc1,12,59.81
973,[16*]c1ccc(Cl)c(S(=O)(=O)C2CCNCC2)c1O,12,66.40
974,[16*]c1cc2ncc3c(=O)[nH][nH]c3c2cc1F,12,61.54
975,[16*]c1cc2cnc(N)cc2nc1C,12,51.80
976,[16*]c1cc2c(c(N)c1C#N)c(=O)oc1ccccc12,12,80.02
977,[16*]c1cc2[nH]c(=O)c(=O)[nH]c2cc1C,12,65.72
978,[16*]c1cc2[nH]c(=O)[nH]c2nc1C,12,61.54
979,[16*]c1cc(/C=N\N2CCNCC2)ccc1O,12,47.86
980,[16*]c1c[nH]c(=O)n(C)c1=O,12,54.86
981,[16*]c1c(C#N)c(=O)[nH]c2[nH]c(=O)[nH]c(=O)c12,12,122.37
982,[15*][C@H]1C(=O)Nc2[nH]nc(C)c2[C@H]1c1ccccc1,12,57.78
983,[15*]C1C=CC(=O)C=C1NP(=O)(O)O,12,86.63
984,[15*]C1C2=C(CCCC2=O)OC2=C1C(=O)CC(C)(C)C2,12,43.37
985,[14*]c1oc(=O)cc(O)c1Cl,12,50.44
986,[14*]c1nncn1/N=C\c1c(F)cccc1Cl,12,43.07
987,[14*]c1nn2c(=O)ccnc2s1,12,47.26
988,[14*]c1nn(C)c2c1C(c1ccco1)CC(=O)N2,12,60.06
989,[14*]c1nc2nc(N)ncc2[nH]1,12,80.48
990,[14*]c1nc2[nH]ncc2c2ncnn12,12,71.76
991,[14*]c1nc(N)c2[nH]c(=O)[nH]c2n1,12,100.45
992,[14*]c1nc(F)nc2[nH]cnc12,12,54.46
993,[14*]c1cc2c(C)n[nH]c2cn1,12,41.57
994,[14*]c1cc2c(=O)n(C)c(=O)[nH]c2s1,12,54.86
995,[14*]c1cc(N/N=C(\C)c2ccc(C)cc2)nc(C)n1,12,50.17
996,[14*]c1cc(=O)n2ncsc2n1,12,47.26
997,[14*]c1c2c(nn1C)CCN(C(N)=S)C2,12,47.08
998,[14*]c1[nH]nc2c1[C@H](c1ccc(C)cc1)C(C#N)=C(N)O2,12,87.72
999,[14*]c1[nH]nc2c1[C@@H](c1ccc(C)cc1)C(C#N)=C(N)O2,12,87.72
1000,[14*]c1[nH]nc2c1C(c1ccc(O)cc1)C(C#N)=C(N)O2,12,107.95
1001,[13*][C@H]1OC(c2cccc(I)c2)=NN1C(C)=O,12,41.90
1002,[13*][C@@H]1NC(=O)N(C)C2=C1C(=O)CCC2,12,49.41
1003,[13*][C@@H]1CC(c2ccco2)=NN1C(=O)CC,12,45.81
1004,[13*]C1Cc2nc[nH]c2CN1C(N)=S,12,57.94
1005,[13*]C1CS(=O)(=O)CN1,12,46.17
1006,[13*]C1CN(S(=O)(=O)N2CCC(C)CC2)CCO1,12,49.85
1007,[13*]C1CN(S(=O)(=O)N2CC(C)CC(C)C2)CCO1,12,49.85
1008,[13*]C1CCCCN1S(N)(=O)=O,12,63.40
1009,[13*]C1CC=C(C(=O)NO)S1,12,49.33
1010,[13*]C1CC(c2cccc(Cl)c2)n2ncnc2N1,12,42.74
1011,[13*]C1CC(O)N(C)C(N)=N1,12,61.85
1012,[12*]S(=O)(=O)c1ccccc1[SH](=O)=O,12,68.28
1013,[12*]S(=O)(=O)c1ccc2c(c1)C(=O)CCC2,12,51.21
1014,[10*]N1C(=O)N[C@@H]2C[C@]1(C)Oc1ccc(C)cc12,12,41.57
1015,[10*]N1C(=O)NC(=O)CC1O,12,69.64
1016,[1*]C(=O)[C@@H](N)CC,12,43.09
1017,[1*]C(=O)CS(=O)(=O)c1ccc(C)cc1,12,51.21
1018,[9*]n1ncc2c(Cl)nc(Cl)nc21,11,43.60
1019,[9*]n1nc2oc3ccc(Cl)cc3cc-2c1=O,11,48.03
1020,[9*]n1nc(C)c2c1NC(=O)C[C@H]2c1cccc(Cl)c1,11,46.92
1021,[9*]n1nc(C)c2c1NC(=O)C[C@@H]2c1ccccc1Cl,11,46.92
1022,[9*]n1nc(C)c2c1NC(=O)C[C@@H]2c1ccc(F)c(F)c1,11,46.92
1023,[9*]n1nc(C)c2c1NC(=O)C[C@@H]2c1ccc(C)cc1,11,46.92
1024,[9*]n1nc(C)c2c1NC(=O)CC2c1ccc(F)cc1F,11,46.92
1025,[9*]n1cnc2cnc(C#CC)cc2c1=O,11,47.78
1026,[9*]n1c(=O)[nH]c2cnc(C)nc21,11,63.57
1027,[9*]n1c(=O)[nH]c2ccc(Cl)nc21,11,50.68
1028,[8*]CCc1sc(=O)[nH]c1O,11,53.09
1029,[7*]=Cc1cnc2nc(N)nc(N)c2c1,11,90.71
1030,[7*]=C1NC(=O)[C@@H]2CCCN2C1=O,11,49.41
1031,[7*]=C1C(=O)CC(C)(C)CC1=NC(C)C(=O)O,11,66.73
1032,[7*]=C(C)c1sc(=O)[nH]c1O,11,53.09
1033,[6*]C(=O)[C@H](C)N,11,43.09
1034,[5*]NC(=S)/C(C#N)=C1/Nc2ccccc2S1,11,47.85
1035,[5*]N1Cc2cnc(N)nc2[C@H]1C,11,55.04
1036,[5*]N1Cc2cnc(N)nc2[C@@H]1C,11,55.04
1037,[5*]N1CCC2(C1)C(=O)N(C)C(=O)N2C,11,43.86
1038,[4*]CCCN1C(=O)CNC(=O)c2cc(C)ccc21,11,49.41
1039,[4*]CC1=C(N)CC(C)(C)CC1=O,11,43.09
1040,[4*]CC(=O)N1CCCC(=O)N1,11,49.41
1041,[3*]OS(=O)(=O)c1ccc2c3c(cccc13)C(=O)N2C,11,63.68
1042,[3*]OC1=C(O)COC1=O,11,55.76
1043,[16*]c1coc(=O)c(C)c1O,11,50.44
1044,[16*]c1cn2ncnc2nc1Cl,11,43.08
1045,[16*]c1ccccc1S(=O)(=O)[C@H]1CCNC1,11,46.17
1046,[16*]c1ccccc1C1CC(=O)Nc2[nH]nc(C)c21,11,57.78
1047,[16*]c1cccc(S(=O)(=O)c2cncs2)c1,11,47.03
1048,[16*]c1ccc2c(c1)nc(C)c1nncn12,11,43.08
1049,[16*]c1ccc2c(c1)S(=O)(=O)NC2CC=O,11,63.24
1050,[16*]c1ccc2c(c1)C(CC=O)NS2(=O)=O,11,63.24
1051,[16*]c1ccc2c(=O)oc(O)cc2c1,11,50.44
1052,[16*]c1ccc2c(=O)c3c(O)cccc3oc2c1,11,50.44
1053,[16*]c1ccc([C@H]2CC(=O)Nc3[nH]ncc32)cc1O,11,78.01
1054,[16*]c1ccc([C@@H]2CC(=O)Nc3[nH]ncc32)cc1O,11,78.01
1055,[16*]c1ccc(F)cc1[N+](=O)[O-],11,43.14
1056,[16*]c1ccc(C2NC(=O)Nc3c2c(=O)[nH]c(=O)n3C)cc1,11,95.99
1057,[16*]c1ccc(C2C(C#N)=C(N)Oc3cc(C)[nH]c(=O)c32)cc1,11,91.90
1058,[16*]c1cc(F)ccc1S(=O)(=O)[C@@H]1CCNC1,11,46.17
1059,[16*]c1c(F)ncc2c(=O)cc(C)[nH]c12,11,45.75
1060,[15*][C@H]1C(=O)Nc2c(c(C)nn2C)[C@@H]1c1ccccc1,11,46.92
1061,[15*]C1CCN(S(=O)(=O)N2CCOC(C)C2)CC1,11,49.85
1062,[15*]C1CCC(=NNC(N)=O)CC1,11,67.48
1063,[15*]C1CC(=O)C=C(NNC=O)C1,11,58.20
1064,[14*]c1sc2c(=O)[nH]c(=O)[nH]c2c1C#N,11,89.51
1065,[14*]c1nnc2n1N=C(c1ccccc1C)CS2,11,43.07
1066,[14*]c1nn(C)c2c1[C@@H](c1ccco1)CC(=O)N2,11,60.06
1067,[14*]c1ncnc2nc(Br)[nH]c12,11,54.46
1068,[14*]c1ncc[nH]c1=O,11,45.75
1069,[14*]c1ncc2cc[nH]c2n1,11,41.57
1070,[14*]c1nc[nH]c(=O)c1I,11,45.75
1071,[14*]c1nc2n[nH]c(N)c2c(=O)[nH]1,11,100.45
1072,[14*]c1nc2ccc(C)nc2[nH]1,11,41.57
1073,[14*]c1nc2c(C)nc(C)cc2[nH]1,11,41.57
1074,[14*]c1nc(N)nc2c1CN[C@H]2C,11,63.83
1075,[14*]c1nc(F)cc2[nH]c(C)cc(=O)c12,11,45.75
1076,[14*]c1n[nH]nc1C,11,41.57
1077,[14*]c1cncn1S(=O)(=O)c1ccc(C)cc1,11,51.96
1078,[14*]c1ccc2c(n1)CCNC2C=O,11,41.99
1079,[14*]c1cc2c(cn1)c(=O)oc1ccccc12,11,43.10
1080,[14*]c1[nH]nc2c1C(c1ccc(Cl)cc1Cl)C(C#N)=C(N)O2,11,87.72
1081,[13*][C@H]1OC(=O)NC1=O,11,55.40
1082,[13*][C@H]1NC(=O)c2ccc(Cl)cc2NC1=O,11,58.20
1083,[13*][C@H]1NC(=O)c2cc(I)ccc2NC1=O,11,58.20
1084,[13*][C@H]1C[C@@H](c2ccccc2C)n2ncnc2N1,11,42.74
1085,[13*][C@@H]1C[C@H](c2cccc(Cl)c2)n2ncnc2N1,11,42.74
1086,[13*][C@@H]1C[C@H](c2cccc(Br)c2)n2ncnc2N1,11,42.74
1087,[13*][C@@H]1C[C@@H](c2ccccc2C)n2ncnc2N1,11,42.74
1088,[13*][C@@H]1CCCCN1S(=O)(=O)N1CCOCC1,11,49.85
1089,[13*]C1Oc2ccccc2C(C=O)NC1=O,11,55.40
1090,[1*]C(=O)CN1C(=O)COc2cc(Br)ccc21,11,46.61
1091,[1*]C(=O)/C(C#N)=C1/NC(c2ccccc2)=CS1,11,52.89
1092,[9*]n1ncc2c1NC(=O)C[C@@H]2c1c(F)cccc1Cl,10,46.92
1093,[9*]n1cnc2c(=O)n(C)c(=O)[nH]c21,10,72.68
1094,[9*]n1ccn(C)c(=O)c1=O,10,44.00
1095,[9*]n1c(C)nc2cnc(C)nc21,10,43.60
1096,[9*]n1c(C)cc(O)cc1=O,10,42.23
1097,[9*]n1c(=O)cc(C)c2cncnc21,10,47.78
1098,[9*]n1c(=O)[nH]c2cc(Cl)cnc21,10,50.68
1099,[8*]C(O)C[n+]1c(N)[nH]c2ccccc21,10,65.92
1100,[8*]C(O)C1=NCCO1,10,41.82
1101,[7*]=Cc1ncnc2[nH]cnc12,10,54.46
1102,[7*]=Cc1nc2ccc(C)cc2c(=O)o1,10,43.10
1103,[7*]=Cc1cnc2c(c1)C(=O)N(C)c1cccnc1N2,10,58.12
1104,[7*]=Cc1ccc(C(=N)N)cc1,10,49.87
1105,[5*]NS(=O)(=O)N1CC2CCC1C2,10,49.41
1106,[5*]NC1=NS(=O)(=O)c2cc(Cl)ccc2N1,10,70.56
1107,[5*]NC1=C(Cl)C(=O)OC1O,10,58.56
1108,[5*]N1c2ncc(C)cc2C(=O)N(C)c2cccnc21,10,49.33
1109,[5*]N1CCc2[nH]c(=O)cc(O)c2C1,10,56.33
1110,[5*]N/C=C(\[C@@H]1OC(=O)c2ccccc21)[N+](=O)[O-],10,81.47
1111,[5*]N/C=C(\C1OC(=O)c2ccccc21)[N+](=O)[O-],10,81.47
1112,[5*]N(C)C(N)=Nc1ccc2cccc3c2c1CC3,10,41.62
1113,[4*]CC1CNC(=O)c2ccnn21,10,46.92
1114,[4*]CC(NN)C1CCc2cccnc21,10,50.94
1115,[4*]CC(=O)NNC1=CC(=O)CC(C)(C)C1,10,58.20
1116,[4*]CC(=O)NN,10,55.12
1117,[3*]OS(=O)(=O)c1ccc2c3c(cccc13)C(=O)N2,10,72.47
1118,[16*]c1ccc2c3c(cccc13)C(=O)N(N)C2=O,10,63.40
1119,[16*]c1ccc2c(c1)CCNC2c1ccc([N+](=O)[O-])cc1,10,55.17
1120,[16*]c1ccc([C@@H]2CCNc3nc(N)nn32)cc1,10,68.76
1121,[16*]c1ccc(S(=O)(=O)n2nc(C)c(Cl)c2C)cc1,10,51.96
1122,[16*]c1cc2c([nH]c1=O)CCCC2O,10,53.09
1123,[16*]c1cc(S(N)(=O)=O)cc(C)c1C,10,60.16
1124,[16*]c1c[nH]c2cnc(N)nc12,10,67.59
1125,[16*]c1c([SH](=O)=O)n[nH]c1C,10,62.82
1126,[15*][C@H]1CNCC/C1=N/O,10,44.62
1127,[15*][C@H]1C(=O)Nc2ccccc2C1=O,10,46.17
1128,[15*]C1CCN(S(=O)(=O)N2C[C@H](C)O[C@@H](C)C2)CC1,10,49.85
1129,[15*]C1CCN(S(=O)(=O)N2C[C@@H](C)O[C@H](C)C2)CC1,10,49.85
1130,[15*]C1(F)CNC(=O)NC1=O,10,58.20
1131,[15*]C1(C(=S)NC)CCCC/C1=N\O,10,44.62
1132,[14*]c1ncsc1S(=O)(=O)c1ccccc1,10,47.03
1133,[14*]c1nc2c(c(=O)[nH]1)CC(C)CC2,10,45.75
1134,[14*]c1nc2c(Cl)cc(Cl)cc2c(=O)o1,10,43.10
1135,[14*]c1nc2c(C)ncnc2[nH]1,10,54.46
1136,[14*]c1nc(NN)c2c3c(sc2n1)CCC3,10,63.83
1137,[14*]c1n[nH]c2ncnc(Cl)c12,10,54.46
1138,[14*]c1n[nH]c(C)c1[SH](=O)=O,10,62.82
1139,[14*]c1ccc2c(n1)c(=O)n(C)c(=O)n2C,10,56.89
1140,[14*]c1cc(=O)c2c(C)cc(C)nc2[nH]1,10,45.75
1141,[14*]c1c[nH]c(=O)n1C=O,10,54.86
1142,[14*]c1c(S(C)=O)cc2n1CCC2C(=O)O,10,59.30
1143,[14*]c1[nH]nc2c1C(c1c(F)cccc1F)C(C#N)=C(N)O2,10,87.72
1144,[14*]c1[nH]c2ccccc2[n+]1NC=O,10,48.77
1145,[13*][C@@H]1NC(=O)c2ccccc2N(CC=O)C1=O,10,66.48
1146,[13*]C1CNCCN1S(=O)(=O)N1CCOCC1,10,61.88
1147,[12*]S(=O)(=O)c1ccccc1N,10,60.16
1148,[12*]S(=O)(=O)c1cccc2c1OC(F)(F)O2,10,52.60
1149,[12*]S(=O)(=O)c1ccc(F)c(C#N)c1,10,57.93
1150,[12*]S(=O)(=O)c1cc(C#N)ccc1C,10,57.93
1151,[11*]SC=C1C(=O)OC(C)(C)OC1=O,10,52.60
1152,[10*]N1N=C(C(=O)O)CC1=O,10,69.97
1153,[10*]N1Cc2cc(N)ccc2OCC1=O,10,55.56
1154,[1*]C(=O)CN1C(=O)CC(c2ccc(C)c(C)c2)=Nc2ccccc21,10,49.74
1155,[1*]C(=O)CC(N)C1CCc2cc(F)c(F)cc21,10,43.09
1156,[1*]C(=O)C1=C(C)Nc2ncnn2C1c1cccc(F)c1,10,59.81
1157,[1*]C(=O)C(C#N)C=O,10,57.93
1158,[9*]n1ncc2c1NC(=O)C[C@H]2c1cccc(F)c1,9,46.92
1159,[9*]n1nc(C)c2c1NC(=O)C[C@@H]2c1cccc(Br)c1,9,46.92
1160,[9*]n1cc(C)c(=O)[nH]c1=O,9,54.86
1161,[9*]n1c2c(c(O)cc1=O)C(=O)CC(C)(C)C2,9,59.30
1162,[9*]n1c(C#N)c[nH]c1=O,9,61.58
1163,[9*]n1c(=O)ccc2cnc(N)nc21,9,73.80
1164,[9*]n1c(=O)[nH]c2c(c1=O)CCC2N,9,80.88
1165,[9*]n1c(=O)[nH]c2[nH]ccc2c1=O,9,70.65
1166,[9*]n1c(=O)[nH]c(=O)c2c(C)csc21,9,54.86
1167,[8*]C[C@H](N)C(=O)O,9,63.32
1168,[8*]CN1C(=O)C2(OCCCO2)c2cc([SH](=O)=O)ccc21,9,72.91
1169,[7*]=Cc1nc2ncncc2[nH]1,9,54.46
1170,[7*]=Cc1cnc2[nH]c(=O)[nH]c2c1,9,61.54
1171,[7*]=Cc1cnc2[nH]c(=O)[nH]c(=O)c2c1,9,78.61
1172,[7*]=Cc1cccc(C2(C(C)C)C(C#N)=C(N)Oc3n[nH]c(C)c32)c1,9,87.72
1173,[7*]=CC1C(=O)NC(=O)NC1O,9,78.43
1174,[7*]=C1OC(=O)c2cccc([N+](=O)[O-])c21,9,69.44
1175,[7*]=C(C=O)C1=NC(=NC(=O)CCl)c2ccccc21,9,58.86
1176,[5*]NS(=O)(=O)N1CCc2ccccc2C1c1ccccc1,9,49.41
1177,[5*]NC1CCc2c1[nH]c(=O)[nH]c2=O,9,77.75
1178,[5*]N1C[C@H](O)[C@H](O)C1,9,43.70
1179,[5*]N1CCC(=O)/C(=C(/N)SC)C1,9,46.33
1180,[5*]N1CC=C(c2c[nH]c3ccc(C#N)cc23)CC1,9,42.82
1181,[16*]c1cncc2c1c(N)nn2C,9,56.73
1182,[16*]c1cnc2sc3c(N)ncnc3c2c1,9,64.69
1183,[16*]c1cnc2nc[nH]c(=O)c2c1,9,58.64
1184,[16*]c1ccccc1S(=O)(=O)n1ccnc1,9,51.96
1185,[16*]c1cccc2c1O[C@]1(C)CC2NC(=O)N1,9,50.36
1186,[16*]c1ccc2c(c1)S(=O)(=O)N=C2N,9,72.52
1187,[16*]c1ccc2c(c1)C(=O)C(=O)N2CN1CCNCC1,9,52.65
1188,[16*]c1ccc(C2C3=C(CCCC3=O)Nc3ncnn32)cc1,9,59.81
1189,[16*]c1ccc(C2=NN(C(C)=O)CO2)cc1Br,9,41.90
1190,[16*]c1cc2c(=O)oc3ccccc3c2cc1O,9,50.44
1191,[16*]c1cc(O)c(O)c(O)c1,9,60.69
1192,[16*]c1cc(C=NN2CCNCC2)cc(Br)c1O,9,47.86
1193,[16*]c1c[nH]c2ncc(Cl)cc2c1=O,9,45.75
1194,[16*]c1c[nH]c2ncc(Br)cc2c1=O,9,45.75
1195,[16*]c1c2c([nH]c(=O)c1C#N)CCCC2,9,56.65
1196,[16*]c1c(O)c2c([nH]c1=O)CCCC2=O,9,70.16
1197,[16*]c1c(O)c(F)coc1=O,9,50.44
1198,[16*]c1c(O)c(Br)c(C)oc1=O,9,50.44
1199,[16*]c1c(O)[nH]c2ccc(C#N)cc12,9,59.81
1200,[16*]c1c(C)[nH]c(=O)[nH]c1=O,9,65.72
1201,[15*][C@H]1CNCC12C(=O)NC(=O)N2C,9,61.44
1202,[15*]C1(O)C(=O)c2ccccc2N(C)C1=O,9,57.61
1203,[15*]C1(C#N)CCC2(CC1)NC(=O)c1ccccc1N2,9,64.92
1204,[14*]c1noc(C2=CNS(=O)(=O)N=C2C)n1,9,97.45
1205,[14*]c1nnc2cnc3ccc(F)cc3n12,9,43.08
1206,[14*]c1nn(C)c2c1[C@H](c1cccs1)CC(=O)N2,9,46.92
1207,[14*]c1ncn(S(=O)(=O)c2ccc(C)cc2)n1,9,64.85
1208,[14*]c1nccn1S(=O)(=O)N(C)C,9,55.20
1209,[14*]c1ncc2c(C)[nH]nc2n1,9,54.46
1210,[14*]c1ncc2[nH]cc(C)c2n1,9,41.57
1211,[14*]c1nc2ncc(Cl)cc2c(=O)[nH]1,9,58.64
1212,[14*]c1nc2n(n1)C(c1ccc(Cl)c(Cl)c1)C(C(N)=O)=C(C)N2,9,85.83
1213,[14*]c1nc2ccc(F)cc2n2cnnc12,9,43.08
1214,[14*]c1nc2ccc(Cl)cc2c2ncnn12,9,43.08
1215,[14*]c1nc2cc(C)nc(N)c2[nH]1,9,67.59
1216,[14*]c1nc(Cl)cc2[nH]cnc12,9,41.57
1217,[14*]c1nc(C)cc2[nH]ncc12,9,41.57
1218,[14*]c1n[nH]c2ncccc12,9,41.57
1219,[14*]c1n[nH]c2cc(C)ncc12,9,41.57
1220,[14*]c1cc2nc(C)n(NC(N)=S)c(=O)c2s1,9,72.94
1221,[14*]c1cc2c(c(=O)[nH]1)C(c1ccccc1)C(C#N)=C(N)O2,9,91.90
1222,[14*]c1cc(N/N=C(\C)c2ccccc2)nc(C)n1,9,50.17
1223,[14*]c1[nH]nc2c1[C@@H](c1cccc(Cl)c1Cl)C(C#N)=C(N)O2,9,87.72
1224,[14*]c1[nH]nc2c1C(c1cccc(O)c1)C(C#N)=C(N)O2,9,107.95
1225,[14*]c1[nH]nc2c1C(c1ccc(Cl)c(Cl)c1)C(C#N)=C(N)O2,9,87.72
1226,[14*]c1[nH]c2ncnn2c(=O)c1C,9,63.05
1227,[13*][C@H]1OC(c2cccc([N+](=O)[O-])c2)=NN1C(C)=O,9,85.04
1228,[13*][C@H]1OC(c2ccc(C)cc2)=NN1C(C)=O,9,41.90
1229,[13*][C@H]1C[C@H](c2cccc(C)c2)n2ncnc2N1,9,42.74
1230,[13*][C@H]1C[C@H](c2cccc(Br)c2)n2ncnc2N1,9,42.74
1231,[13*][C@@H]1OC(c2ccc(C)cc2)=NN1C(C)=O,9,41.90
1232,[13*][C@@H]1NC(=O)NC2=C1C(=O)N(C)C2,9,61.44
1233,[13*]C1NCC/C(=N\O)C1C,9,44.62
1234,[13*]C1NC(=O)[C@@H]2CCCN2C1=O,9,49.41
1235,[13*]C1COCCN1S(=O)(=O)N1CCC(C)CC1,9,49.85
1236,[13*]C1CCCCN1S(=O)(=O)N1CCN(C)CC1,9,43.86
1237,[13*]C1CCC(C)NS1(=O)=O,9,46.17
1238,[13*]C1CC(c2ccco2)=NN1C(N)=S,9,54.76
1239,[13*]C1CC(c2ccccc2F)n2ncnc2N1,9,42.74
1240,[13*]C1CC(=O)N(C)C(=O)N1,9,49.41
1241,[13*]C1(C)CNS(=O)(=O)N1,9,58.20
1242,[12*]S(=O)(=O)c1cnc2[nH]c(=O)[nH]c(=O)c2c1,9,112.75
1243,[12*]S(=O)(=O)c1ccc2c(c1)S(=O)(=O)N=C(C)N2,9,92.67
1244,[10*]N1C(=O)NC(=O)[C@@]12CCNC2,9,61.44
1245,[1*]C(=O)n1[nH]c2nc(Cl)cc(C)c2c1=O,9,67.75
1246,[1*]C(=O)N1CCC(c2cccnc2)=N1,9,45.56
1247,[1*]C(=O)N(O)CC#Cc1cccc(C2=NCCO2)c1,9,62.13
1248,[1*]C(=O)CN1C(=O)CC(c2ccc(Cl)cc2)=Nc2ccccc21,9,49.74
1249,[1*]C(=O)CCS(=O)(=O)c1ccc(Cl)cc1,9,51.21
1250,[1*]C(=O)CCC(N)=O,9,60.16
1251,[1*]C(=O)C1NC(=O)c2ccccc21,9,46.17
1252,[1*]C(=O)C1NC(=O)COc2c(Cl)cc(Cl)cc21,9,55.40
1253,[1*]C(=O)C1=C(F)OC(C)=C(C(C)=O)C1,9,43.37
1254,[1*]C(=O)C1=C(C)OC(C=O)=CC1,9,43.37
1255,[1*]C(=O)C1=C(C)Nc2ncnn2C1c1cccc(Br)c1,9,59.81
1256,[1*]C(=O)C1=C(C)Nc2ncnn2C1c1ccc(C)cc1,9,59.81
1257,[9*]n1ncc2c1NC(=O)C[C@H]2c1ccc(F)cc1F,8,46.92
1258,[9*]n1ncc2c1NC(=O)C[C@@H]2c1ccc(F)cc1F,8,46.92
1259,[9*]n1ncc2c1NC(=O)CC2c1ccc(F)cc1F,8,46.92
1260,[9*]n1ncc2c(=O)c(O)c[nH]c21,8,70.91
1261,[9*]n1nc(C)c2c1NC(=O)C[C@H]2c1c(F)cccc1Cl,8,46.92
1262,[9*]n1nc(C)c2c1NC(=O)C[C@@H]2c1ccc(C#N)cc1,8,70.71
1263,[9*]n1c(Cl)nc2[nH]cnc2c1=O,8,63.57
1264,[9*]n1c(Cl)c(C#N)n(C)c1=O,8,50.72
1265,[9*]n1c(=O)[nH]c2sc(C#CC)cc2c1=O,8,54.86
1266,[9*]n1c(=O)[nH]c2c(Cl)cccc2c1=O,8,54.86
1267,[8*][C@H](O)C#C[C@@H]1[C@@H](O)CC[C@H]2C(=O)C[C@H]21,8,57.53
1268,[8*]CC(=O)NNC1=CC(=O)CC(C)(C)C1,8,58.20
1269,[8*]CC(=O)N/N=C\c1ccccc1O,8,61.69
1270,[8*]CC#Cc1ccc2c(c1)S(=O)(=O)NC(=O)N2,8,75.27
1271,[8*]CC#Cc1cc2c(=O)[nH]c(=O)[nH]c2s1,8,65.72
1272,[8*]C(N)O,8,46.25
1273,[7*]=Cc1onc2c(=O)[nH]nc(C)c12,8,71.78
1274,[7*]=Cc1cnc2nc(N)[nH]c(=O)c2c1,8,84.66
1275,[7*]=Cc1ccc(Br)c([N+](=O)[O-])c1,8,43.14
1276,[7*]=C1C(=O)N(C)C(=O)N(C)C1O,8,60.85
1277,[6*]C(=O)NN1CCC(=O)NC1=O,8,78.51
1278,[6*]C(=O)C1=NS(=O)(=O)c2ccccc2N1,8,75.60
1279,[5*]NS(=O)(=O)N1CCOC(C)(C)C1,8,58.64
1280,[5*]NCC(=O)O,8,49.33
1281,[5*]NC1CCCS(=O)(=O)c2ccccc21,8,46.17
1282,[5*]NC1C(C(=O)O)=Nc2ccccc21,8,61.69
1283,[5*]NC1=C(c2ccccc2)S(O)(O)NC1=O,8,81.59
1284,[5*]N1CCn2c1nncc2=O,8,51.02
1285,[5*]N1CCN(/N=C\c2ccc([N+](=O)[O-])cc2)CC1,8,61.98
1286,[5*]N1CCN(/N=C(\C)c2cccc([N+](=O)[O-])c2)CC1,8,61.98
1287,[5*]N1C=CC(N)=C(N)C1C,8,55.28
1288,[5*]N1C=C(C(=O)O)C(C)=NS1(=O)=O,8,87.04
1289,[4*]CCCN=C(N)N1CCC2(CCC2)C1,8,41.62
1290,[4*]CCC1=NC(=O)C(C)C(=O)N1,8,58.53
1291,[3*]OS(=O)(=O)c1ccc(Cl)cc1,8,43.37
1292,[3*]OS(=O)(=O)c1cc2c3c(cccc3c1)C(=O)N(C)C2=O,8,80.75
1293,[16*]c1cnc2ncc(C#N)cc2c1,8,49.57
1294,[16*]c1cnc2c(c1)C(=O)N(C)c1ccc(F)nc1N2,8,58.12
1295,[16*]c1ccnc2[nH]c(=O)cc(C)c12,8,45.75
1296,[16*]c1cccc2n[nH]nc12,8,41.57
1297,[16*]c1cccc2[nH]c(=O)ncc12,8,45.75
1298,[16*]c1cccc(C(=N)N)c1,8,49.87
1299,[16*]c1ccc2c(=O)[nH]cnc2c1,8,45.75
1300,[16*]c1ccc(S(=O)(=O)n2nc(C)cc2C)cc1,8,51.96
1301,[16*]c1ccc(S(=O)(=O)n2nc(C)c(Br)c2C)cc1,8,51.96
1302,[16*]c1ccc(S(=O)(=O)n2cccn2)cc1,8,51.96
1303,[16*]c1ccc(N)c([N+](=O)[O-])c1,8,69.16
1304,[16*]c1ccc(C=Nn2cnnc2)cc1,8,43.07
1305,[16*]c1cc2cc(Br)cnc2nc1N,8,51.80
1306,[16*]c1cc2c(nc1N)CCN(C)C2,8,42.15
1307,[16*]c1cc2c(Cl)ccnc2[nH]c1=O,8,45.75
1308,[16*]c1cc2[nH]c(=O)c(=O)[nH]c2cc1Br,8,65.72
1309,[16*]c1cc(O)c2oc3n[nH]c(=O)c-3cc2c1,8,79.12
1310,[16*]c1cc(O)c2c3c(c(=O)oc2c1)CCC(C)C3,8,50.44
1311,[16*]c1cc(C(C)=NN2CCNCC2)ccc1O,8,47.86
1312,[16*]c1c(F)cnc2[nH]ccc(=O)c12,8,45.75
1313,[16*]c1c(F)cc2c(=O)[nH]c(=O)[nH]c2c1C,8,65.72
1314,[16*]c1c(C)cc2oc(=O)c3c(c2c1O)CCCC3,8,50.44
1315,[16*]c1c(C#N)cnc2c1C(=O)CC(C)(C)C2,8,53.75
1316,[16*]c1c(C#N)c(N)nc2[nH]c(=O)[nH]c(=O)c12,8,128.42
1317,[15*][C@H]1C(C#N)=C(C)OC(N)=C1C=O,8,76.11
1318,[15*]C1C(Cl)(Cl)C1(C#N)C#N,8,47.58
1319,[14*]c1nncn1/N=C\c1ccc(Cl)cc1Cl,8,43.07
1320,[14*]c1nncn1/N=C/c1c(F)cccc1Cl,8,43.07
1321,[14*]c1nnc2n1N=C(c1ccccc1Br)CS2,8,43.07
1322,[14*]c1nnc2n(c1=O)CCN2,8,59.81
1323,[14*]c1nnc(NNC=O)[nH]c1=O,8,99.77
1324,[14*]c1nn(C)c2c1C(CC)CC(=O)N2,8,46.92
1325,[14*]c1ncc2c(C)nn(C)c2n1,8,43.60
1326,[14*]c1nc2n(n1)[C@H](c1ccccc1)CCN2,8,42.74
1327,[14*]c1nc2n(n1)[C@@H](c1ccccc1)CCN2,8,42.74
1328,[14*]c1nc2c(C)cccc2c(=O)[nH]1,8,45.75
1329,[14*]c1nc(C#N)c[nH]1,8,52.47
1330,[14*]c1n[nH]c2c(Cl)cncc12,8,41.57
1331,[14*]c1cccc(S(=O)(=O)c2ccccc2)n1,8,47.03
1332,[14*]c1ccc2c(n1)C(C)(C=O)CNC2,8,41.99
1333,[14*]c1ccc2c(N(C)NC=O)nccc2n1,8,58.12
1334,[14*]c1cc(C)c2c(n1)nn1cccnc21,8,43.08
1335,[14*]c1cc(C)c2c(n1)Nc1ncccc1C(=O)N2,8,66.91
1336,[14*]c1[nH]nc2c1[C@H](c1cc(F)ccc1F)C(C#N)=C(N)O2,8,87.72
1337,[14*]c1[nH]cc(C#N)c1N,8,65.60
1338,[14*]c1[nH]c(=O)[nH]c1S,8,48.65
1339,[14*]c1[nH+]c(/C=N\N=C(N)N)cs1,8,90.90
1340,[14*]c1[nH+]c(/C=N/N=C(N)N)cs1,8,90.90
1341,[13*][C@H]1NC(=O)NC(C)=C1C=O,8,58.20
1342,[13*][C@H]1C[C@@H](c2cccc(Cl)c2)n2ncnc2N1,8,42.74
1343,[13*][C@@H]1C[C@@H](c2cccc(Cl)c2)n2ncnc2N1,8,42.74
1344,[13*][C@@H]1C[C@@H](c2cccc(Br)c2)n2ncnc2N1,8,42.74
1345,[13*][C@@H]1C[C@@H](S(=O)(=O)c2ccc(F)cc2)CN1,8,46.17
1346,[13*][C@@H]1CN(S(=O)(=O)N2CCCCC2)CCO1,8,49.85
1347,[13*][C@@H]1CCCN1S(=O)(=O)N1CCNCC1,8,52.65
1348,[13*]C1OC(c2ccccc2F)=NN1C(=O)C(C)(C)C,8,41.90
1349,[13*]C1NC=CC=C1C(N)=O,8,55.12
1350,[13*]C1NC(=O)CNC1=O,8,58.20
1351,[13*]C1C/C(=N/O)CCN1,8,44.62
1352,[13*]C1(O)NC(C)=CC=C1C(=O)C(F)(F)F,8,49.33
1353,[12*]S(=O)(=O)c1cccc2c1CCNC2,8,46.17
1354,[10*]N1N=C(CC=O)CC1=O,8,49.74
1355,[10*]N1CCOc2cc(C#N)ccc2C1=O,8,53.33
1356,[10*]N1CC(=O)NCC1=O,8,49.41
1357,[10*]N1C(=O)Nc2ccc(C#CC)cc2S1(=O)=O,8,66.48
1358,[10*]N1C(=O)NCC(C#N)C1=O,8,73.20
1359,[10*]N1C(=O)N(CC#N)c2ccccc2S1(=O)=O,8,81.48
1360,[10*]N1C(=O)C(N)=C(c2ccccc2)S1(O)O,8,86.79
1361,[1*]C(=O)n1c(=O)c2ccccc2n1C,8,44.00
1362,[1*]C(=O)CS(=O)(=O)CC,8,51.21
1363,[1*]C(=O)C1=CC(=O)C(C)O1,8,43.37
1364,[1*]C(=O)C1=C(C)OC2=C(C1)C(=O)CC(C)(C)C2,8,43.37
1365,[1*]C(=O)C(C)S(=O)(=O)c1ccccc1,8,51.21
1366,[1*]C(=O)C(C)(N)CCC,8,43.09
1367,[9*]n1ncc2c1NC(=O)C[C@H]2c1ccc(Cl)cc1,7,46.92
1368,[9*]n1ncc2c1NC(=O)C[C@@H]2c1ccc(Cl)cc1,7,46.92
1369,[9*]n1ncc2c1NC(=O)CC2c1ccccc1C,7,46.92
1370,[9*]n1ncc2c1CC(C)(C)CC2N,7,43.84
1371,[9*]n1ncc2c(C)ncnc21,7,43.60
1372,[9*]n1nc(C)c2c1NC(=O)C[C@H]2c1ccc(Cl)cc1Cl,7,46.92
1373,[9*]n1nc(C)c2c1NC(=O)C[C@H]2c1c(F)cccc1F,7,46.92
1374,[9*]n1nc(C)c2c1NC(=O)C[C@@H]2c1ccc(O)cc1,7,67.15
1375,[9*]n1nc(C)c2c1NC(=O)C[C@@H]2c1c(F)cccc1F,7,46.92
1376,[9*]n1nc(C)c2c1NC(=O)CC2c1ccccc1Br,7,46.92
1377,[9*]n1nc(C)c2c1NC(=O)CC2c1cccc(C)c1,7,46.92
1378,[9*]n1nc(C)c2c1NC(=O)CC2c1ccc(Cl)cc1Cl,7,46.92
1379,[9*]n1nc(C)c2c1NC(=O)CC2c1c(F)cccc1Cl,7,46.92
1380,[9*]n1cnncc1=O,7,47.78
1381,[9*]n1cnc(=O)c(O)c1,7,55.12
1382,[9*]n1cc(N)cn1,7,43.84
1383,[9*]n1c(C)nc2c(C)ncnc21,7,43.60
1384,[9*]n1c(C)cc2c(c1=O)[C@H](c1cccc(Cl)c1)C(C#N)=C(N)O2,7,81.04
1385,[9*]n1c(Br)nc2c(=O)[nH]c(N)nc21,7,89.59
1386,[9*]n1c(=O)n(C)c(=O)c2cc(C)sc21,7,44.00
1387,[9*]n1c(=O)[nH]c2c(c1=O)CCC2S,7,54.86
1388,[9*]n1c(=O)[nH]c2c(N)nc(C)nc21,7,89.59
1389,[9*]n1c(=O)[nH]c2c(C)ccnc21,7,50.68
1390,[8*]CN1C(=O)[C@H]2CCCN2c2ccc(C#N)cc21,7,47.34
1391,[8*]CC1=C(O)OCC1=O,7,46.53
1392,[8*]CC(=O)N/N=C1\CC(=O)CC(C)(C)C1,7,58.53
1393,[8*]CC#Cc1ccc2c(c1)S(=O)(=O)NC(=O)N2C,7,66.48
1394,[8*]C(O)(C#Cc1cn(C)c(=O)c2[nH]c(C)cc12)C(F)(F)F,7,58.02
1395,[7*]=Cc1nnc[nH]c1=O,7,58.64
1396,[7*]=Cc1cc2ccncc2nc1N,7,51.80
1397,[7*]=Cc1cc2c(c(=O)n(C)c(=O)n2C)n1C,7,48.93
1398,[7*]=Cc1c(O)[nH]c(=O)c2ccccc12,7,53.09
1399,[7*]=C1NC(=O)C2CCCN2C1=O,7,49.41
1400,[7*]=C1CCc2[nH]c(=O)c(S(C)(=O)=O)cc2C1=O,7,84.07
1401,[7*]=C1C(=O)CC(C)(C)CC1=NCCC(=O)O,7,66.73
1402,[7*]=C(c1ccc(S(C)(=O)=O)cc1)c1cccc(=O)[nH]1,7,67.00
1403,[7*]=C(C#N)c1nc2ccc(C)cc2[nH]1,7,52.47
1404,[7*]=C(C#N)c1[nH]c2ccccc2[n+]1C,7,43.46
1405,[6*]C(=O)NN1C(=O)c2ccccc2NC12CCCCC2,7,61.44
1406,[6*]C(=O)NN(CCC#N)C1=NS(=O)(=O)c2ccccc21,7,102.63
1407,[5*]N[C@H]1CCc2c1[nH]c(=O)[nH]c2=O,7,77.75
1408,[5*]NC(N)=[NH+]c1nc2c(c(=O)[nH]1)CCC2,7,97.77
1409,[5*]N1CCc2cc(S(N)(=O)=O)ccc21,7,63.40
1410,[5*]N1CCN(CN2C(=O)C(=O)c3ccc(Br)cc32)CC1,7,43.86
1411,[5*]N1CCN(/N=C\c2ccc(O)cc2O)CC1,7,59.30
1412,[5*]N1CCC(S(=O)(=O)c2c(O)cccc2Cl)CC1,7,57.61
1413,[5*]N1C2C=C(OS(=O)(=O)C(F)(F)F)CC1CC2,7,46.61
1414,[5*]N1C(N)=N[C@H]2CCCC[C@H]21,7,41.62
1415,[5*]N1C(N)=N[C@@H]2CCCC[C@@H]21,7,41.62
1416,[4*]CC[n+]1c(N)[nH]c2ccccc21,7,45.69
1417,[4*]CC1=NNC(=O)/C1=C\N(C)C,7,44.70
1418,[4*]CC1=C(N)COC1=O,7,52.32
1419,[4*]CC(C)(O)C(=O)O,7,57.53
1420,[16*]c1csc2nc[nH]c(=O)c12,7,45.75
1421,[16*]c1cnc2nc(N)nc(N)c2c1C,7,90.71
1422,[16*]c1cnc2nc(N)[nH]c(=O)c2c1,7,84.66
1423,[16*]c1cnc2c(c1)C(=O)Nc1c(C)ccnc1N2,7,66.91
1424,[16*]c1cnc2[nH]cc(I)c(=O)c2c1,7,45.75
1425,[16*]c1cnc(=O)[nH]c1C,7,45.75
1426,[16*]c1cn(S(=O)(=O)c2ccccc2)nc1N,7,77.98
1427,[16*]c1ccccc1[C@@H]1CC(=O)Nc2c1c(C)nn2C,7,46.92
1428,[16*]c1ccccc1/C=N/n1cnnc1,7,43.07
1429,[16*]c1cccc2nc(C)c3nncn3c12,7,43.08
1430,[16*]c1cccc2[nH]c3ncnnc3c12,7,54.46
1431,[16*]c1ccc2c(c1)OCC(=O)NC2C=O,7,55.40
1432,[16*]c1ccc2c(c1)CC=C(N)[C@H]2C=O,7,43.09
1433,[16*]c1ccc(S(N)(=O)=O)c(F)c1,7,60.16
1434,[16*]c1ccc(C2=NNC(=O)CC2C)c(O)c1Cl,7,61.69
1435,[16*]c1ccc(C#N)cc1C#N,7,47.58
1436,[16*]c1cc2c(=O)[nH][nH]c(=O)c2cc1Cl,7,65.72
1437,[16*]c1cc([SH](=O)=O)ccc1C#N,7,57.93
1438,[16*]c1cc(F)cc2[nH]c(=O)c(=O)[nH]c12,7,65.72
1439,[16*]c1cc(F)c([N+](=O)[O-])cc1F,7,43.14
1440,[16*]c1cc(C)nc2[nH]ccc(=O)c12,7,45.75
1441,[16*]c1cc(C)c2c(c1C#N)C(=O)OC2,7,50.09
1442,[16*]c1c[nH]c2c(=O)[nH]cc(C)c12,7,48.65
1443,[16*]c1c(O)ccc2c(=O)ccoc12,7,50.44
1444,[16*]c1c(Br)c(=O)[nH][nH]c1=O,7,65.72
1445,[15*][C@@H]1CNC[C@@]12NC(=O)NC2=O,7,70.23
1446,[15*][C@@H]1C(=O)Nc2c(c(C)nn2C)[C@@H]1c1cccc(F)c1,7,46.92
1447,[15*]C1CNCC/C1=N/O,7,44.62
1448,[15*]C1CCN(S(=O)(=O)N2CCNC(C)C2)CC1,7,52.65
1449,[15*]C1CC(N=C(N)N)C12CCCC2,7,64.40
1450,[15*]C1CC(=O)C2=C(C1)Nc1nc(C)nn1C2c1cc(F)cc(F)c1,7,59.81
1451,[14*]c1sc2c(=O)[nH]cnc2c1Br,7,45.75
1452,[14*]c1nnc2n1N=C(c1ccccc1)[C@H](C)S2,7,43.07
1453,[14*]c1nnc2n1N=C(c1ccccc1)[C@@H](C)S2,7,43.07
1454,[14*]c1nnc2n1N=C(c1ccc(F)cc1F)CS2,7,43.07
1455,[14*]c1nnc2cnc3cc(Cl)c(Cl)cc3n12,7,43.08
1456,[14*]c1nnc2c(C)nc3ccc(F)cc3n12,7,43.08
1457,[14*]c1ncccc1S(C)(=O)=O,7,47.03
1458,[14*]c1ncc2nn[nH]c2n1,7,67.35
1459,[14*]c1nc2ncccn2n1,7,43.08
1460,[14*]c1nc2n(n1)[C@H](c1ccccc1)C[C@H](C)N2,7,42.74
1461,[14*]c1nc2n(n1)[C@H](c1ccccc1)C[C@@H](C)N2,7,42.74
1462,[14*]c1nc2n(n1)C(c1ccccc1)CC(C)N2,7,42.74
1463,[14*]c1nc(C)cn1S(=O)(=O)c1ccc(Cl)cc1,7,51.96
1464,[14*]c1nc(=O)c2nc[nH]c2[nH]1,7,74.43
1465,[14*]c1nc(=O)c(O)c[nH]1,7,65.98
1466,[14*]c1n[nH]cc1N,7,54.70
1467,[14*]c1cncn1S(=O)(=O)c1ccccc1,7,51.96
1468,[14*]c1cnc2c(=O)[nH]c(N)nc2n1,7,97.55
1469,[14*]c1ccnn1S(=O)(=O)c1ccc(Cl)cc1,7,51.96
1470,[14*]c1ccnc2c3c(C)ccnc3nn12,7,43.08
1471,[14*]c1ccc2c(O)cc(=O)[nH]c2n1,7,65.98
1472,[14*]c1ccc([N+](=O)[O-])s1,7,43.14
1473,[14*]c1ccc(/C=N\NC(C)=O)o1,7,54.60
1474,[14*]c1cc(O)cc(=O)[nH]1,7,53.09
1475,[14*]c1cc(N/N=C/c2ccccc2)nc(C)n1,7,50.17
1476,[14*]c1cc(N)n(S(=O)(=O)c2ccc(F)cc2)n1,7,77.98
1477,[14*]c1cc(C=O)cn1S(=O)(=O)c1ccc(C)cc1,7,56.14
1478,[14*]c1cc(C)[nH]c(=O)n1,7,45.75
1479,[14*]c1[nH]nc2nc(C)nc(N)c12,7,80.48
1480,[14*]c1[nH]nc2c1[C@H](c1ccc(F)c(F)c1)C(C#N)=C(N)O2,7,87.72
1481,[14*]c1[nH]nc2c1[C@@H](c1ccc(F)c(Br)c1)C(C#N)=C(N)O2,7,87.72
1482,[14*]c1[nH]nc2c1C(c1ccccc1Br)C(C#N)=C(N)O2,7,87.72
1483,[14*]c1[nH]c2c(c(C)nn2C)c(=O)c1O,7,70.91
1484,[13*][C@H]1C[C@@H](c2cccc(C)c2)n2nc(N)nc2N1,7,68.76
1485,[13*][C@H]1C[C@@H](c2ccc(F)cc2)n2nc(N)nc2N1,7,68.76
1486,[13*][C@@H]1SC(N2CCNCC2)=NC1=O,7,44.70
1487,[13*][C@@H]1C[C@H](c2ccccc2F)n2ncnc2N1,7,42.74
1488,[13*][C@@H]1C[C@H](c2cccc(F)c2)n2ncnc2N1,7,42.74
1489,[13*][C@@H]1C[C@@H](c2ccccc2F)n2ncnc2N1,7,42.74
1490,[13*][C@@H]1C[C@@H](c2ccc(F)cc2)n2nc(N)nc2N1,7,68.76
1491,[13*][C@@H]1CC(c2ccsc2)=NN1C(=O)CCC(=O)O,7,69.97
1492,[13*]C1SCC(=O)N1NC=O,7,49.41
1493,[13*]C1OC(=O)C=C1N,7,52.32
1494,[13*]C1Nc2cc(Cl)ccc2S(=O)(=O)N1,7,58.20
1495,[13*]C1CC(c2cccc(F)c2)n2ncnc2N1,7,42.74
1496,[13*]C1C=C(C)C(C(=O)O)=C(SC)N1,7,49.33
1497,[13*]C1C/C(=N\NC(N)=S)C(C)CN1,7,62.44
1498,[12*]S(=O)(=O)c1ccc2c(c1)CC(C)O2,7,43.37
1499,[12*]S(=O)(=O)c1ccc(C)c2ncccc12,7,47.03
1500,[12*]S(=O)(=O)c1ccc(C#N)c(Br)c1,7,57.93
1501,[12*]S(=O)(=O)c1cc(C#N)ccc1Cl,7,57.93
1502,[11*]SC1=C(C(N)=O)C=CCN1,7,55.12
1503,[10*]N1CCc2c([nH]c3c([N+](=O)[O-])cccc23)C1=O,7,79.24
1504,[10*]N1CCN(C(N)=NC)CC1=O,7,61.93
1505,[10*]N1C(=O)c2ccc(S(N)(=O)=O)cc2S1(=O)=O,7,114.61
1506,[10*]N1C(=O)N[C@]2(CC(C)(C)OC2(C)C)C1=O,7,58.64
1507,[10*]N1C(=O)NC(=O)C1=CN(C)C,7,52.65
1508,[10*]N1C(=O)N/C(=C\N(C)C)C1=O,7,52.65
1509,[10*]N1C(=O)N(CC(=O)O)c2ccccc2S1(=O)=O,7,94.99
1510,[10*]N1C(=O)C(=O)NC[C@@H]1C,7,49.41
1511,[1*]C(=O)CN1C(=O)CC(c2ccc(Br)s2)=Nc2cc(C)c(C)cc21,7,49.74
1512,[1*]C(=O)CCN=C(N)N1CCC2(CCCCC2)C1,7,58.69
1513,[1*]C(=O)CCC1=C(O)CC(C)(C)CC1=O,7,54.37
1514,[1*]C(=O)C1=C(C)OC(C)=C(C(C)=O)C1,7,43.37
1515,[1*]C(=O)C1=C(C)Nc2ncnn2[C@H]1c1ccccc1Cl,7,59.81
1516,[1*]C(=O)C1=C(C)Nc2ncnn2[C@H]1c1cccc(F)c1,7,59.81
1517,[1*]C(=O)C(C)S(C)(=O)=O,7,51.21
1518,[9*]n1nnc2sc(C)c(C)c2c1=O,6,47.78
1519,[9*]n1nnc2cc(Cl)ccc2c1=O,6,47.78
1520,[9*]n1ncc2c1NC(=O)C[C@H]2c1ccccc1C,6,46.92
1521,[9*]n1ncc2c1NC(=O)C[C@H]2c1ccccc1Br,6,46.92
1522,[9*]n1ncc2c1NC(=O)C[C@H]2c1ccc(O)c(Cl)c1,6,67.15
1523,[9*]n1ncc2c1NC(=O)C[C@@H]2c1ccccc1C,6,46.92
1524,[9*]n1ncc2c1NC(=O)C[C@@H]2c1ccc(O)c(Cl)c1,6,67.15
1525,[9*]n1ncc2c1NC(=O)C[C@@H]2c1ccc(F)cc1Cl,6,46.92
1526,[9*]n1ncc2c1NC(=O)C[C@@H]2c1ccc(F)c(Br)c1,6,46.92
1527,[9*]n1ncc2c1NC(=O)CC2c1ccccc1Br,6,46.92
1528,[9*]n1ncc2c1NC(=O)CC2c1ccc(O)c(Cl)c1,6,67.15
1529,[9*]n1nc(N)c2cnccc21,6,56.73
1530,[9*]n1nc(I)c2c(N)ncnc21,6,69.62
1531,[9*]n1nc(C)c2c1OC(N)=C(C#N)[C@H]2c1ccc(Cl)cc1,6,76.86
1532,[9*]n1nc(C)c2c1NC(=O)C[C@H]2c1ccccc1C,6,46.92
1533,[9*]n1nc(C)c2c1NC(=O)C[C@@H]2c1ccccc1C,6,46.92
1534,[9*]n1nc(C)c2c1NC(=O)CC2CC,6,46.92
1535,[9*]n1cnc2c(sc3nccc(C)c32)c1=O,6,47.78
1536,[9*]n1cnc(=O)c(C#N)c1,6,58.68
1537,[9*]n1cc(C2=CCN(C)CC2)c2cc([N+](=O)[O-])ccc21,6,51.31
1538,[9*]n1cc(C)c(=O)c2cc(F)cc(C#N)c21,6,45.79
1539,[9*]n1c(Cl)c(C#N)[nH]c1=O,6,61.58
1540,[9*]n1c(C)cc2c(c1=O)C(c1cccc(Cl)c1)C(C#N)=C(N)O2,6,81.04
1541,[9*]n1c(=O)c2[nH]cnc2n(C)c1=O,6,72.68
1542,[9*]n1[nH]c(=O)c2cc(N)ccc21,6,63.81
1543,[8*][C@H](C=O)CC(C)(C)N,6,43.09
1544,[8*][C@@H](O)[C@@H]1OC(=O)c2ccccc21,6,46.53
1545,[8*]C[n+]1cc(/N=C(\C)[O-])on1,6,65.33
1546,[8*]CN=Nc1ccc(C2=NNC(=O)CC2C)cc1,6,66.18
1547,[8*]CN=C(N)N1CCSCC1,6,41.62
1548,[8*]CN=C(N)N1CCOCC1,6,50.85
1549,[8*]CN1C(=O)Cc2cc([SH](=O)=O)ccc21,6,54.45
1550,[8*]CC(C#N)C(=N)N,6,73.66
1551,[8*]C(O)C(=O)N=c1ccccn1O,6,74.82
1552,[8*]C(F)(F)P(=O)(O)O,6,57.53
1553,[8*]C(C)(C=O)S(=O)(=O)c1ccccc1,6,51.21
1554,[7*]=Cc1nc2c(F)cccc2c(=O)o1,6,43.10
1555,[7*]=Cc1ccc([N+](=O)[O-])s1,6,43.14
1556,[7*]=Cc1c(C)c(C#N)c2[nH]c3ccccc3n2c1=O,6,61.06
1557,[7*]=C[C@@]1(O)C(C)=C(CC=O)C(=O)CC1(C)C,6,54.37
1558,[7*]=CC1=C(C#N)CC(C#N)=C(N)O1,6,82.83
1559,[7*]=C1OC(=O)c2c1cccc2[N+](=O)[O-],6,69.44
1560,[7*]=C1OC(=O)C(C)=C1O,6,46.53
1561,[7*]=C1NC(=O)C(C=NC)C1=O,6,58.53
1562,[7*]=C1CCC(C(N)=S)C1=O,6,43.09
1563,[7*]=C1C=Nc2ccc([N+](=O)[O-])cc21,6,55.50
1564,[7*]=C1C(=O)Nc2cc(Cl)cnc21,6,41.99
1565,[7*]=C1C(=O)CCCC1=NCCO,6,49.66
1566,[7*]=C1C(=O)CC(C)(C)CC1=NC(CC)CO,6,49.66
1567,[7*]=C(c1cccc2ccccc12)[N+](=O)[O-],6,43.14
1568,[7*]=C(C)CP(=O)(O)O,6,57.53
1569,[7*]=C(C)C1CC(=O)Nc2c1cnn2C,6,46.92
1570,[7*]=C(C)C1CC(=O)Nc2[nH]nc(C)c21,6,57.78
1571,[6*]C(=O)SC1=NC(=O)CS1,6,46.50
1572,[6*]C(=O)NNS(=O)(=O)c1ccc2c3c(cccc13)C(=O)N2CC,6,95.58
1573,[6*]C(=O)NNS(=O)(=O)c1ccc2c3c(cccc13)C(=O)N2C,6,95.58
1574,[6*]C(=O)NNC(=O)C(F)F,6,58.20
1575,[6*]C(=O)NN=C(C)C1=C(O)CC(C)(C)CC1=O,6,78.76
1576,[6*]C(=O)NN1Cc2ccccc2/C1=N/NC=O,6,73.80
1577,[5*]NS(=O)(=O)N1CCCC2(C1)NC(=O)NC2=O,6,107.61
1578,[5*]NC1=NS(=O)(=O)c2cc(Cl)c(Cl)cc2N1,6,70.56
1579,[5*]NC1=NS(=O)(=O)c2c(F)cc(F)cc2N1,6,70.56
1580,[5*]NC1=NS(=O)(=O)c2c(Cl)cc(Cl)cc2N1,6,70.56
1581,[5*]NC1=C(C(N)=O)CCS1,6,55.12
1582,[5*]NC(N)=NCC(C)(C)C,6,50.41
1583,[5*]NC(=S)N1CCc2cc(O)c(O)cc2C1c1ccccc1,6,55.73
1584,[5*]NC(=S)N/N=C1\CC(=O)CC(C)(C)C1,6,53.49
1585,[5*]NC(=S)N/N=C1/CC(=O)CC(C)(C)C1,6,53.49
1586,[5*]N1c2cc(C)ccc2NS1(=O)=O,6,49.41
1587,[5*]N1[C@@H](CC(C)=O)c2cc(F)ccc2S1(=O)=O,6,54.45
1588,[5*]N1C[C@H](C)C(N)c2ccncc21,6,42.15
1589,[5*]N1CNS(=O)(=O)c2cc(S(N)(=O)=O)c(Cl)cc21,6,109.57
1590,[5*]N1CCc2n[nH]c(N)c2[C@@H]1C,6,57.94
1591,[5*]N1CCc2ccccc2C1c1cccc([N+](=O)[O-])c1,6,46.38
1592,[5*]N1CCN(/N=C/c2ccc(O)c(O)c2)CC1,6,59.30
1593,[5*]N1CC(N)Cc2ncccc21,6,42.15
1594,[5*]N1C(CCC)=NS(=O)(=O)c2ccccc21,6,49.74
1595,[4*]CC1=NNC(=O)/C1=C/N(C)C,6,44.70
1596,[3*]OP(=O)(O)N(C)C,6,49.77
1597,[16*]c1cncc(S(=O)(=O)CC)c1,6,47.03
1598,[16*]c1cnc2c(c1)NCC(N)C2,6,50.94
1599,[16*]c1ccnc2c1CN(C(N)=S)CC2,6,42.15
1600,[16*]c1ccccc1S(=O)(=O)n1ccnc1C,6,51.96
1601,[16*]c1cccc(S(=O)(=O)n2ccc(C)n2)c1,6,51.96
1602,[16*]c1ccc2c3c(cccc13)C(=O)N(NCC)C2=O,6,49.41
1603,[16*]c1ccc2c(c1)S(=O)(=O)N=C(CC(C)C)N2,6,58.53
1604,[16*]c1ccc2c(c1)C(=O)NC1(CCNCC1)N2,6,53.16
1605,[16*]c1ccc([SH](=O)=O)cc1[N+](=O)[O-],6,77.28
1606,[16*]c1ccc(S(=O)(=O)n2ccc(C)n2)cc1,6,51.96
1607,[16*]c1ccc(C2=NNC(=O)CC2)c(O)c1,6,61.69
1608,[16*]c1ccc(C2=NN(C(C)=O)[C@H](C)O2)cc1,6,41.90
1609,[16*]c1ccc(/C=N/Nc2ccc(Cl)nn2)cc1,6,50.17
1610,[16*]c1cc[nH]c(=O)c1C#N,6,56.65
1611,[16*]c1cc2cc(C)cnc2[nH]c1=O,6,45.75
1612,[16*]c1cc2c[nH]nc2cc1O,6,48.91
1613,[16*]c1cc2c(cc1[N+](=O)[O-])CCC(=O)N2,6,72.24
1614,[16*]c1cc2c(=O)cc(C)oc2cc1O,6,50.44
1615,[16*]c1cc([SH](=O)=O)cc2c(=O)c3ccccc3oc12,6,64.35
1616,[16*]c1cc(O)c2c(c1)oc(=O)c1ccccc12,6,50.44
1617,[16*]c1cc(O)c2c(=O)occc2c1,6,50.44
1618,[16*]c1cc(C)c([N+](=O)[O-])cc1C,6,43.14
1619,[16*]c1cc(C)c(Cl)cc1S(=O)(=O)n1ccnc1,6,51.96
1620,[16*]c1cc(C)c(C)c(S(N)(=O)=O)c1,6,60.16
1621,[16*]c1cc(Br)c2c(c1)C1CC(C)(NC(=O)N1)O2,6,50.36
1622,[16*]c1cc(/C=N\N2CCNCC2)cc(Br)c1O,6,47.86
1623,[16*]c1cc(/C(C)=N\N2CCNCC2)ccc1O,6,47.86
1624,[16*]c1c[nH]c2cncc(O)c12,6,48.91
1625,[16*]c1c2c3c(ccc(C)c3[nH]c1=O)C(=O)c1ccccc1-2,6,49.93
1626,[16*]c1c(O)cc(=O)n2c1CCC2,6,42.23
1627,[16*]c1c(N)n2c3c(cccc3c1=O)CCC2,6,48.02
1628,[16*]c1c(C)nn(S(=O)(=O)c2ccc(Cl)cc2)c1C,6,51.96
1629,[16*]c1c(C)nc2[nH]nc(C)n2c1=O,6,63.05
1630,[16*]c1c(C)cnc2[nH]c(=O)[nH]c(=O)c12,6,78.61
1631,[15*][C@H]1CC(=O)C2=C(C1)Nc1ncnn1[C@H]2c1cc(F)cc(F)c1,6,59.81
1632,[15*][C@H]1C(=O)Nc2c(c(C)nn2C)[C@@H]1c1cccc(F)c1,6,46.92
1633,[15*][C@H]1C(=O)Nc2[nH]nc(C)c2[C@H]1c1cccc(F)c1,6,57.78
1634,[15*][C@H]1C(=O)Nc2[nH]nc(C)c2[C@@H]1c1ccccc1,6,57.78
1635,[15*][C@@H]1Cc2[nH]c3ccc(N)cc3c2C1,6,41.81
1636,[15*][C@@H]1C[C@@H]2CN(S(=O)(=O)N(C)C)C[C@H]1O2,6,49.85
1637,[15*][C@@H]1CNCC/C1=N/O,6,44.62
1638,[15*][C@@H]1CCC(=O)NC1=O,6,46.17
1639,[15*][C@@H]1CC(=O)C2=C(C1)Nc1ncnn1[C@@H]2c1cc(F)cc(F)c1,6,59.81
1640,[15*][C@@H]1C(=O)Nc2c(c(C)nn2C)[C@@H]1c1cccc(C)c1,6,46.92
1641,[15*]C1Cc2nnccc2C(O)C1,6,46.01
1642,[15*]C1CN(C)C(=O)NC1=O,6,49.41
1643,[15*]C1CCN2C(=O)C3CC(O)CN3C(=O)C12,6,60.85
1644,[15*]C1C2NC(=O)NC1(C)Oc1ccc(Cl)cc12,6,50.36
1645,[15*]C1C(C(N)=S)=C(N)OC2=C1C(=O)CC(C)(C)C2,6,78.34
1646,[15*]C1C(=O)c2ccc(O)cc2C1=O,6,54.37
1647,[15*]C1C(=O)NC(=O)NC1=O,6,75.27
1648,[15*]C1C(=O)N=C(C(N)(CC)CC)NC1=O,6,84.55
1649,[14*]c1onc(C)c1[N+](=O)[O-],6,69.17
1650,[14*]c1nncn1/N=C\c1ccccc1Cl,6,43.07
1651,[14*]c1nncn1/N=C\c1c(Cl)cccc1Cl,6,43.07
1652,[14*]c1nncn1/N=C/c1ccccc1C,6,43.07
1653,[14*]c1nncn1/N=C/c1ccccc1Br,6,43.07
1654,[14*]c1nncn1/N=C/c1cccc(Cl)c1,6,43.07
1655,[14*]c1nnc2n1N=C(c1ccc(Cl)cc1)[C@H](C)S2,6,43.07
1656,[14*]c1nnc2n1N=C(c1ccc(C)cc1)[C@H](C)S2,6,43.07
1657,[14*]c1nnc2c(C)ccnn12,6,43.08
1658,[14*]c1nnc(C2=Cc3cc(Br)ccc3OC2)o1,6,48.15
1659,[14*]c1ncnc2c(Br)c[nH]c12,6,41.57
1660,[14*]c1ncnc2[nH]nnc12,6,67.35
1661,[14*]c1ncccc1S(=O)(=O)CC,6,47.03
1662,[14*]c1nc2nc(Cl)nc(Cl)c2[nH]1,6,54.46
1663,[14*]c1nc2n(n1)C(c1ccccc1Cl)C1=C(CCCC1=O)N2,6,59.81
1664,[14*]c1nc2n(n1)C(C(F)F)CC(C)N2,6,42.74
1665,[14*]c1nc2c(cc1C#N)COCC2,6,45.91
1666,[14*]c1nc(N=[N+]=[N-])c2c(c1C#N)CCCC2,6,85.44
1667,[14*]c1nc(N)c2ccc(=O)[nH]c2n1,6,84.66
1668,[14*]c1nc(F)nc2nc[nH]c12,6,54.46
1669,[14*]c1nc(C)cn1S(=O)(=O)c1ccc(Br)cc1,6,51.96
1670,[14*]c1nc(C)c2cn[nH]c2n1,6,54.46
1671,[14*]c1nc(C(=N)N=C(N)C(F)(F)F)cn2ccnc12,6,92.42
1672,[14*]c1nc(C#N)nc2cc[nH]c12,6,65.36
1673,[14*]c1n[nH]c2nc(C)nc(N)c12,6,80.48
1674,[14*]c1csc(N/N=C\c2ccc(O)cc2)n1,6,57.51
1675,[14*]c1cc2c(C#CC(N)=O)csc2cn1,6,55.98
1676,[14*]c1cc2c(=O)ocnc2s1,6,43.10
1677,[14*]c1cc(=O)c2ccc(O)cc2o1,6,50.44
1678,[14*]c1[nH]nc2c1[C@H](c1ccccc1C)C(C#N)=C(N)O2,6,87.72
1679,[14*]c1[nH]nc2c1[C@@H](c1ccccc1C)C(C#N)=C(N)O2,6,87.72
1680,[14*]c1[nH]c2cncc(O)c2c1Br,6,48.91
1681,[13*][C@H]1OC(=O)C(O)=C1Br,6,46.53
1682,[13*][C@H]1Nc2ccc(S(N)(=O)=O)cc2S(=O)(=O)N1,6,118.36
1683,[13*][C@H]1NC(=O)c2cc(Cl)ccc2N(C)C1=O,6,49.41
1684,[13*][C@H]1NC(=O)c2c(C)cccc2NC1=O,6,58.20
1685,[13*][C@H]1C[C@H](c2cccc(F)c2)n2ncnc2N1,6,42.74
1686,[13*][C@H]1C[C@@H](c2cccc(F)c2)n2ncnc2N1,6,42.74
1687,[13*][C@@H]1OC(=O)C(O)=C1O,6,66.76
1688,[13*][C@@H]1C[C@]2(CN1)NC(=O)NC2=O,6,70.23
1689,[13*][C@@H]1C[C@H](c2cccc(Cl)c2)n2nc(N)nc2N1,6,68.76
1690,[13*][C@@H]1C[C@@H](c2cccc(F)c2)n2ncnc2N1,6,42.74
1691,[13*][C@@H]1C[C@@H](c2cccc(C)c2)n2ncnc2N1,6,42.74
1692,[13*]C1SC(=C(C#N)C(C)=O)NC1=O,6,69.96
1693,[13*]C1S/C(=C(/C#N)C(C)=O)NC1=O,6,69.96
1694,[13*]C1Oc2ccc(N)cc2CNC1=O,6,64.35
1695,[13*]C1OC(c2ccccc2I)=NN1C(C)=O,6,41.90
1696,[13*]C1OC(c2ccccc2Br)=NN1C(C)=O,6,41.90
1697,[13*]C1NC(=O)NC(=O)C1Br,6,58.20
1698,[13*]C1CN(C)S(=O)(=O)N1,6,49.41
1699,[13*]C12CCCN1C(=O)CNC2=O,6,49.41
1700,[13*]C1(S(C)(=O)=O)OC(C(=O)O)=CC1=O,6,97.74
1701,[13*]C1(C)C=C(C(=O)O)C=CN1,6,49.33
1702,[12*]S(=O)(=O)c1nc(C)c(Br)s1,6,47.03
1703,[12*]S(=O)(=O)c1cnc2oncc2c1,6,73.06
1704,[12*]S(=O)(=O)c1cccc2c(=O)c3ccccc3oc12,6,64.35
1705,[12*]S(=O)(=O)c1ccc2c(c1)CNCC2,6,46.17
1706,[12*]S(=O)(=O)c1ccc2c(c1)C(=O)NCC2,6,63.24
1707,[12*]S(=O)(=O)c1ccc2[nH]ncc2c1,6,62.82
1708,[12*]S(=O)(=O)c1cc2nc(Cl)ccc2s1,6,47.03
1709,[12*]S(=O)(=O)c1cc([N+](=O)[O-])ccc1C,6,77.28
1710,[11*]SC(N)=O,6,43.09
1711,[10*]N1NC(O)CC1=O,6,52.57
1712,[10*]N1CC2=C(COC2=O)NC1=O,6,58.64
1713,[10*]N1C(=O)N(C)[C@H]2[C@H]1N(C)C(=O)N2C,6,47.10
1714,[1*]C(=O)n1[nH]c(=O)c2ccc(Cl)cc21,6,54.86
1715,[1*]C(=O)[C@H]1CC(=O)Nc2cc(F)ccc21,6,46.17
1716,[1*]C(=O)[C@@H]1CC(=O)Nc2ccc(F)cc21,6,46.17
1717,[1*]C(=O)[C@@H]1CC(=O)Nc2cc(F)ccc21,6,46.17
1718,[1*]C(=O)[C@@H](N)[C@@H](C)O,6,63.32
1719,[1*]C(=O)C[C@@H]1CSc2nc3c(c(=O)n21)CCC3,6,51.96
1720,[1*]C(=O)CN1C(=O)[C@H](C)Oc2ccccc21,6,46.61
1721,[1*]C(=O)CCN(NC=O)C1=NS(=O)(=O)c2ccccc21,6,95.91
1722,[1*]C(=O)CCC(=O)N/N=C1/CCCC(C)C1,6,58.53
1723,[1*]C(=O)CC1=C(C)[C@@](C)(O)C(C)(C)CC1=O,6,54.37
1724,[1*]C(=O)C1CC(C)Cc2n[nH]c(=O)n21,6,67.75
1725,[1*]C(=O)C1=C(C)Nc2ncnn2[C@H]1c1cccc(Br)c1,6,59.81
1726,[1*]C(=O)C1=C(C)Nc2ncnn2[C@@H]1c1cccc(Br)c1,6,59.81
1727,[9*]n1ncc2c1NC(=O)CC2c1cc(F)ccc1F,5,46.92
1728,[9*]n1ncc2c1NC(=O)CC2C(F)(F)F,5,46.92
1729,[9*]n1ncc([SH](=O)=O)c1C,5,51.96
1730,[9*]n1nc(C)c2c1OC(N)=C(C#N)[C@@H]2c1ccc(C)cc1,5,76.86
1731,[9*]n1nc(C)c2c1OC(N)=C(C#N)C2c1ccccc1Cl,5,76.86
1732,[9*]n1nc(C)c2c1OC(N)=C(C#N)C2c1cccc(Cl)c1,5,76.86
1733,[9*]n1nc(C)c2c1NC(=O)C[C@H]2c1ccc(F)c(F)c1F,5,46.92
1734,[9*]n1nc(C)c2c1NC(=O)C[C@H]2c1cc(F)cc(F)c1,5,46.92
1735,[9*]n1nc(C)c2c1NC(=O)C[C@H]2c1cc(Cl)ccc1F,5,46.92
1736,[9*]n1nc(C)c2c1NC(=O)C[C@@H]2c1ccc(F)c(F)c1F,5,46.92
1737,[9*]n1nc(C)c2c1NC(=O)C[C@@H]2c1cc(Cl)ccc1F,5,46.92
1738,[9*]n1nc(C)c2c1NC(=O)CC2c1cc(Br)ccc1F,5,46.92
1739,[9*]n1nc(C)c2c1NC(=O)CC2c1c(Cl)cccc1Cl,5,46.92
1740,[9*]n1nc(C)c2c(N)ncnc21,5,69.62
1741,[9*]n1cnc2oc(Br)cc2c1=O,5,48.03
1742,[9*]n1cc2c(=O)n(C)c(=O)[nH]c2n1,5,72.68
1743,[9*]n1cc(C#N)c2ncnc(C)c21,5,54.50
1744,[9*]n1c(O)c(C)c2ccccc2c1=O,5,42.23
1745,[9*]n1c(=O)c([N+](=O)[O-])c(Cl)c2cccnc21,5,78.03
1746,[9*]n1c(=O)[nH]n(C(=O)CCCCC)c1=O,5,76.86
1747,[9*]n1c(=O)[nH]c2sc(C=O)c(C)c2c1=O,5,71.93
1748,[9*]n1c(=O)[nH]c2ncnc(Cl)c21,5,63.57
1749,[9*]n1[nH]c2c(cnc3ccc(Br)cc32)c1=O,5,50.68
1750,[9*]n1[nH]c(=O)c(Cl)c(Cl)c1=O,5,54.86
1751,[8*][C@H](O)C1=CC(C)(O)C=C(CO)C1=O,5,77.76
1752,[8*]C[n+]1cc(/N=C(/C)[O-])on1,5,65.33
1753,[8*]C[C@H](O)C#C[C@@H]1[C@@H](O)CC[C@H]2C(=O)C[C@H]21,5,57.53
1754,[8*]C[C@H](C#N)CCC#N,5,47.58
1755,[8*]C[C@@H](C#N)CCC#N,5,47.58
1756,[8*]CNn1cnc2ncccc2c1=O,5,59.81
1757,[8*]CN=Cc1ccc([N+](=O)[O-])cc1,5,55.50
1758,[8*]CN1C(=O)[C@H]2CCCN2c2ccc([SH](=O)=O)cc21,5,57.69
1759,[8*]CCC(N)=Nc1nccc2ncccc12,5,64.16
1760,[8*]CC(C=O)CN,5,43.09
1761,[8*]CC(C)[n+]1cc(N=C(N)[O-])on1,5,91.35
1762,[8*]CC(=O)NN=C1CC(=O)CC(C)(C)C1,5,58.53
1763,[8*]CC(=O)N1CCC(c2ccc3c(c2)OCO3)=N1,5,51.13
1764,[8*]C(CC=O)C1=C(O)CC(C)(C)CC1=O,5,54.37
1765,[8*]C(C)CC(N)=O,5,43.09
1766,[7*]=Cc1nc2ccc(Cl)cc2c(=O)o1,5,43.10
1767,[7*]=Cc1nc(C)[nH]c1O,5,48.91
1768,[7*]=Cc1cnc2[nH]c(=O)cc(N)c2c1,5,71.77
1769,[7*]=CC1=NS(=O)(=O)c2ccccc2N1,5,58.53
1770,[7*]=CC(=O)N1C(=O)CN(C)C(=O)c2ccccc21,5,57.69
1771,[7*]=C1SCC(=O)NC1=O,5,46.17
1772,[7*]=C1NC(=O)c2cc(Br)ccc2NC1=O,5,58.20
1773,[7*]=C1CNC(=O)C1=O,5,46.17
1774,[7*]=C(c1ccc(O)c(C)c1)c1ccccc1S(=O)(=O)O,5,74.60
1775,[7*]=C(C(=O)O)C(=O)O,5,74.60
1776,[6*]C(=O)NN=Cc1cc2c3c(c1O)CCCN3CCC2,5,64.93
1777,[6*]C(=O)NN(C)c1nccc2ncccc12,5,58.12
1778,[6*]C(=O)NN(C)C(N)=S,5,58.36
1779,[6*]C(=O)N1C(=O)C(=NO)c2ccccc21,5,69.97
1780,[6*]C(=O)CN1C(=O)C2(OCCO2)c2cc(Br)ccc21,5,55.84
1781,[6*]C(=O)C1C(=O)N(C=O)c2ccc(Cl)nc21,5,67.34
1782,[5*]NC1=C(O)CCCC1=O,5,49.33
1783,[5*]NC(=S)NNc1c2ccccc2nc2ccccc12,5,48.98
1784,[5*]NC(=NC)NC1CC(C)(C)Oc2ccccc21,5,45.65
1785,[5*]NC(=NC)N1CCS(=O)(=O)C(C)(C)C1,5,61.77
1786,[5*]N1C[C@@H](C=C)NS1(=O)=O,5,49.41
1787,[5*]N1CCN(/N=C\c2ccc(O)c(O)c2)CC1,5,59.30
1788,[5*]N1CCC(F)(S(=O)(=O)c2ccc(C#N)cc2)CC1,5,61.17
1789,[5*]N1CCC(F)(S(=O)(=O)c2c(O)cccc2Cl)CC1,5,57.61
1790,[5*]N1CCC(C2C(Cl)(Cl)C2(C#N)C#N)CC1,5,50.82
1791,[5*]N1CCC(=NNC(=O)CO)CC1,5,64.93
1792,[5*]N1CC=C(c2c[nH]c3cc(C#N)ccc23)CC1,5,42.82
1793,[5*]N1CC(O)=CC=C1C(C)O,5,43.70
1794,[5*]N1C([C@H](C)CC)=NS(=O)(=O)c2ccccc21,5,49.74
1795,[5*]N/C([O-])=N/c1c[n+](CC)no1,5,77.36
1796,[5*]N/C(N)=N\c1nc2c(c(=O)[nH]1)CCCC2,5,96.16
1797,[4*]CC(=O)NO,5,49.33
1798,[4*]CC(=O)NNC1=CC(=O)CCC1,5,58.20
1799,[4*]C(CC)C(N)=O,5,43.09
1800,[3*]O[Cl+3]([O-])([O-])[O-],5,78.41
1801,[3*]ON=C1C(=O)N(C=O)c2ccccc21,5,58.97
1802,[16*]c1coc2c(I)cnc(N)c12,5,52.05
1803,[16*]c1cnn(S(=O)(=O)c2ccc(C)cc2)c1N,5,77.98
1804,[16*]c1cncc2cn[nH]c12,5,41.57
1805,[16*]c1cnc2c(N)coc2c1,5,52.05
1806,[16*]c1ccncc1[SH](=O)=O,5,47.03
1807,[16*]c1ccnc2c1NC(=O)C2(C)C,5,41.99
1808,[16*]c1ccccc1[C@H]1NCCc2cc(O)c(O)cc21,5,52.49
1809,[16*]c1ccccc1S(=O)(=O)n1ccc(C)n1,5,51.96
1810,[16*]c1ccccc1C(=N)N,5,49.87
1811,[16*]c1cccc2c1NS(=O)(=O)N2,5,58.20
1812,[16*]c1cccc(S(N)(=O)=O)c1C,5,60.16
1813,[16*]c1cccc(/C=N\n2c(C)nnc2C)c1,5,43.07
1814,[16*]c1ccc2c3c(cccc13)C(=O)N(OSC(F)(F)F)C2=O,5,46.61
1815,[16*]c1ccc2c(ncc3c(=O)[nH][nH]c32)c1F,5,61.54
1816,[16*]c1ccc2c(c1)[C@@H](C=O)CC(=O)N2,5,46.17
1817,[16*]c1ccc2c(c1)S(=O)(=O)N=C([C@H](C)CC)N2,5,58.53
1818,[16*]c1ccc2c(c1)Nc1ccc(N)cc1NC2=O,5,67.15
1819,[16*]c1ccc2c(c1)/C(=C\N)C(=O)N2,5,55.12
1820,[16*]c1ccc2c(=O)[nH]n(C=O)c2c1,5,54.86
1821,[16*]c1ccc([C@H]2NC(=O)Nc3c2c(=O)[nH]c(=O)n3C)cc1,5,95.99
1822,[16*]c1ccc([C@H]2C(C#N)=C(N)Oc3[nH]nc(C)c32)cc1,5,87.72
1823,[16*]c1ccc([C@@H]2C(C#N)=C(N)Oc3[nH]nc(C)c32)cc1,5,87.72
1824,[16*]c1ccc(S(N)(=O)=O)cc1C#N,5,83.95
1825,[16*]c1ccc(S(=O)(=O)n2ccc(C=O)c2)cc1,5,56.14
1826,[16*]c1ccc(S(=O)(=O)C(C)(C)C)nc1,5,47.03
1827,[16*]c1ccc(O)c(C2=NC(C)(C)CO2)c1,5,41.82
1828,[16*]c1ccc(N)c(N)c1,5,52.04
1829,[16*]c1ccc(Cl)cc1S(=O)(=O)n1ccnc1,5,51.96
1830,[16*]c1ccc(Cl)cc1C=Nn1cnnc1,5,43.07
1831,[16*]c1cc[n+]([O-])c2ccc(O)cc12,5,47.17
1832,[16*]c1cc2n(c1)CCC2(C)C(=O)O,5,42.23
1833,[16*]c1cc2n(c(=O)c1)[C@H](C(=O)O)CC2,5,59.30
1834,[16*]c1cc2cnc(S(C)(=O)=O)nc2[nH]c1=O,5,92.78
1835,[16*]c1cc2c(=O)cc[nH]c2nc1Cl,5,45.75
1836,[16*]c1cc([N+](=O)[O-])ccc1S(N)(=O)=O,5,103.30
1837,[16*]c1cc(F)cc(S(N)(=O)=O)c1,5,60.16
1838,[16*]c1cc(F)c2c(N)n[nH]c2c1,5,54.70
1839,[16*]c1cc(Cl)c2c3c(ccc(Cl)c13)C(=O)N(O)C2=O,5,57.61
1840,[16*]c1cc(C=O)n(S(=O)(=O)c2ccc(C)cc2)c1,5,56.14
1841,[16*]c1cc(C)nc2[nH]c(=O)[nH]c12,5,61.54
1842,[16*]c1cc(C)c2c(=O)ocnc2c1,5,43.10
1843,[16*]c1cc(C#N)c(=O)[nH]c1C,5,56.65
1844,[16*]c1cc(=O)[nH]c2c1C(=O)CC(C)(C)C2,5,49.93
1845,[16*]c1c[nH]nc1N,5,54.70
1846,[16*]c1c[nH]c2cccc([N+](=O)[O-])c12,5,58.93
1847,[16*]c1c2ccccc2nc2c(C)ccc([N+](=O)[O-])c12,5,56.03
1848,[16*]c1c(O)ccc2c(=O)c3ccccc3oc12,5,50.44
1849,[16*]c1c(F)cc([N+](=O)[O-])cc1F,5,43.14
1850,[16*]c1c(F)c(Cl)nc2[nH]ccc(=O)c12,5,45.75
1851,[16*]c1c(Cl)cc([C@H]2C(C#N)=C(N)Oc3n[nH]c(C)c32)cc1Cl,5,87.72
1852,[16*]c1c(C)nn(S(=O)(=O)c2ccc(F)cc2)c1C,5,51.96
1853,[16*]c1c(C)cc(C)cc1[N+](=O)[O-],5,43.14
1854,[16*]c1c(C)[nH]c2c(=O)[nH]cc(C#CC(C)(C)O)c12,5,68.88
1855,[15*][C@]12CC[C@H](O)[C@@H](C#C[C@H](C)O)[C@@H]1CC2=O,5,57.53
1856,[15*][C@H]1[C@H](C)Nc2ncnn2[C@@H]1c1ccccc1,5,42.74
1857,[15*][C@H]1Cc2[nH]c3ccc(N)cc3c2C1,5,41.81
1858,[15*][C@H]1CNC[C@H]1[SH](=O)=O,5,46.17
1859,[15*][C@H]1CN(S(=O)(=O)N2CCCCC2)C[C@H]1N,5,66.64
1860,[15*][C@H]1CCN(S(=O)(=O)N2CCN(C)CC2)C1,5,43.86
1861,[15*][C@H]1CCCC/C1=N/NC(N)=S,5,50.41
1862,[15*][C@H]1C(C#N)=C(N)OC2=C1C(=O)C(C)(C)CC2,5,76.11
1863,[15*][C@H]1C(=O)C=C(N)C[C@H]1C,5,43.09
1864,[15*][C@@]12CC[C@H](O)[C@@H](C#CCO)[C@@H]1CC2=O,5,57.53
1865,[15*][C@@H]1[C@H](C)Nc2ncnn2[C@H]1c1ccccc1,5,42.74
1866,[15*][C@@H]1[C@H](C)Nc2ncnn2[C@@H]1c1ccccc1,5,42.74
1867,[15*][C@@H]1CCN(S(=O)(=O)N2CCN(C)CC2)C1,5,43.86
1868,[15*][C@@H]1CCCN(S(=O)(=O)N2CCN(C)CC2)C1,5,43.86
1869,[15*][C@@H]1C=C(C=O)OC(N)=C1C#N,5,76.11
1870,[15*][C@@H]1C(C#N)=C(N)OC2=C1C(=O)C(C)(C)CC2,5,76.11
1871,[15*][C@@H]1C(C#N)(C#N)C12CCCCC2,5,47.58
1872,[15*]C1CN(C(N)=NC)CCC1C,5,41.62
1873,[15*]C1CCN(S(=O)(=O)N2CC[C@H](N)C2)CC1,5,66.64
1874,[15*]C1CCN(S(=O)(=O)N2CC[C@@H](N)C2)CC1,5,66.64
1875,[15*]C1CCN(S(=O)(=O)N2CC(C)OC(C)(C)C2)CC1,5,49.85
1876,[15*]C1CCCN(S(=O)(=O)N2CC(C)OC(C)(C)C2)C1,5,49.85
1877,[15*]C1CCCN(S(=O)(=O)N2CC(C)N(C)C(C)C2)C1,5,43.86
1878,[15*]C1CCC2(CC1)Nc1ccccc1C(=O)N2NC=O,5,61.44
1879,[15*]C1CC1[N+](=O)[O-],5,43.14
1880,[15*]C1CC(c2ccc(N)cc2)=NNC1=O,5,67.48
1881,[15*]C1CC(=O)C2=C(C1)OC(N)=CC2,5,52.32
1882,[15*]C1C=C(N)OC2=C1C(=O)CCC2,5,52.32
1883,[15*]C1C(C=O)=C(N)OC(C)=C1C(C)=O,5,69.39
1884,[15*]C1(N)C(=O)c2ccccc2C1=O,5,60.16
1885,[14*]c1noc(C)c1C#N,5,49.82
1886,[14*]c1nnc2cncc(C)n12,5,43.08
1887,[14*]c1nnc2c3c(C)c(C)sc3ncn12,5,43.08
1888,[14*]c1nnc2c(C)nc3ccc(C)cc3n12,5,43.08
1889,[14*]c1nn(C)c2nc(Cl)ncc12,5,43.60
1890,[14*]c1ncnc2[nH]c(C)nc12,5,54.46
1891,[14*]c1nccnc1C#N,5,49.57
1892,[14*]c1nccn1S(=O)(=O)c1cccc(Cl)c1,5,51.96
1893,[14*]c1nccc2c(S(C)=O)c(C)[nH]c12,5,45.75
1894,[14*]c1ncc2c(n1)CN[C@H]2C=O,5,54.88
1895,[14*]c1ncc2c(=O)[nH]c(=O)[nH]c2n1,5,91.50
1896,[14*]c1ncc2[nH]c(C)nc2n1,5,54.46
1897,[14*]c1nc2ncc(F)cc2c(=O)[nH]1,5,58.64
1898,[14*]c1nc2n[nH]c(C)c2c(=O)[nH]1,5,74.43
1899,[14*]c1nc2n(n1)[C@H](c1ccccc1)C(C(N)=O)=C(C)N2,5,85.83
1900,[14*]c1nc2n(n1)[C@@H](c1ccccc1)C(C(N)=O)=C(C)N2,5,85.83
1901,[14*]c1nc2n(n1)[C@@H](c1ccc(F)cc1)C(C(N)=O)=C(C)N2,5,85.83
1902,[14*]c1nc2n(n1)C(c1ccccc1)CCN2,5,42.74
1903,[14*]c1nc2n(n1)C(c1cccc(F)c1)C1=C(CCCC1=O)N2,5,59.81
1904,[14*]c1nc2cc([N+](=O)[O-])ccc2c(=O)o1,5,86.24
1905,[14*]c1nc2c3ccccc3nc(C)n2n1,5,43.08
1906,[14*]c1nc2c(N)ncnc2n1C,5,69.62
1907,[14*]c1nc2c(Cl)nc(Cl)nc2[nH]1,5,54.46
1908,[14*]c1nc2c(C)cc(C)nc2[nH]1,5,41.57
1909,[14*]c1nc2[nH]c(=O)[nH]c2cc1F,5,61.54
1910,[14*]c1nc(O)cc(=O)[nH]1,5,65.98
1911,[14*]c1nc(N)n[nH]1,5,67.59
1912,[14*]c1nc(C)cn1S(=O)(=O)c1ccc(C)c(C)c1,5,51.96
1913,[14*]c1nc(C)cn1S(=O)(=O)c1cc(Cl)ccc1Cl,5,51.96
1914,[14*]c1nc(C)cc2nc[nH]c12,5,41.57
1915,[14*]c1nc(C#CCO)c2cccnc2c1O,5,66.24
1916,[14*]c1n[nH]c2ccc(O)cc12,5,48.91
1917,[14*]c1n[nH]c2cc(Cl)c(F)cc2c1=O,5,45.75
1918,[14*]c1n[nH]c2c(=O)[nH]c(=O)[nH]c12,5,94.40
1919,[14*]c1n[nH]c(C)c1[N+](=O)[O-],5,71.82
1920,[14*]c1n[nH]c(=O)nc1N/N=C/c1ccccc1,5,83.03
1921,[14*]c1csc(N=C(N)N)n1,5,77.29
1922,[14*]c1ccn2nc3nccc(C)c3c2n1,5,43.08
1923,[14*]c1ccc2c(n1)CC(=O)N2,5,41.99
1924,[14*]c1ccc2c(n1)C(N)CCN2,5,50.94
1925,[14*]c1ccc2c(n1)C(N)C(C)CN2,5,50.94
1926,[14*]c1ccc(C#N)nn1,5,49.57
1927,[14*]c1cc2nc(Cl)ncc2[nH]1,5,41.57
1928,[14*]c1cc2nc(C)nc(Cl)c2[nH]1,5,41.57
1929,[14*]c1cc2c(cn1)[C@@H](CCO)N(S(=O)C(C)(C)C)C2,5,53.43
1930,[14*]c1cc(Cl)c2n1CCC2C(=O)O,5,42.23
1931,[14*]c1cc(C)c(S(=O)(=O)c2ccccc2)c(=O)[nH]1,5,67.00
1932,[14*]c1c(Cl)c(Cl)c2n1CCC2C(=O)O,5,42.23
1933,[14*]c1c(C)cc2n1CCC2(CC)C(=O)O,5,42.23
1934,[14*]c1c(/N=C(/C)[O-])on[n+]1C,5,65.33
1935,[14*]c1[nH]nc2c1C(c1ccc(Br)cc1F)C(C#N)=C(N)O2,5,87.72
1936,[14*]c1[nH]c2ccccc2[n+]1NC(C)=O,5,48.77
1937,[13*][C@]1(C)OC(c2cccc(Br)c2)=NN1C(C)=O,5,41.90
1938,[13*][C@]1(C)OC(=O)C(O)=C1O,5,66.76
1939,[13*][C@H]1Nc2ccncc2C(N)[C@H]1C,5,50.94
1940,[13*][C@H]1NC(=O)N(C)C(C)=C1C=O,5,49.41
1941,[13*][C@H]1C[C@H](c2cccc(Cl)c2)n2nc(N)nc2N1,5,68.76
1942,[13*][C@H]1C[C@H](c2cccc(Br)c2)n2nc(N)nc2N1,5,68.76
1943,[13*][C@H]1C[C@H](c2c(F)cccc2Cl)n2nc(N)nc2N1,5,68.76
1944,[13*][C@H]1C[C@@H](c2ccc(Br)cc2)n2ncnc2N1,5,42.74
1945,[13*][C@H]1CCn2c(nc(Cl)cc2=O)N1,5,46.92
1946,[13*][C@H]1CC(c2ccc3c(c2)OCO3)=NN1S(C)(=O)=O,5,68.20
1947,[13*][C@@]1(C)OC(c2cccc(Br)c2)=NN1C(C)=O,5,41.90
1948,[13*][C@@H]1OC(c2ccc([N+](=O)[O-])cc2)=NN1C(C)=O,5,85.04
1949,[13*][C@@H]1OC(=O)NC1=O,5,55.40
1950,[13*][C@@H]1NS(=O)(=O)N[C@@H]1C=C,5,58.20
1951,[13*][C@@H]1NCC/C(=N/O)[C@H]1C,5,44.62
1952,[13*][C@@H]1C[C@H](c2c(F)cccc2Cl)n2nc(N)nc2N1,5,68.76
1953,[13*][C@@H]1C[C@@H](c2cccc(Cl)c2)n2nc(N)nc2N1,5,68.76
1954,[13*][C@@H]1C[C@@H](c2c(F)cccc2Cl)n2nc(N)nc2N1,5,68.76
1955,[13*][C@@H]1C[C@@H](S(=O)(=O)c2ccc(Br)cc2)CN1,5,46.17
1956,[13*][C@@H]1CN=C(N)O1,5,47.61
1957,[13*][C@@H]1CC(c2ccc3c(c2)OCO3)=NN1S(C)(=O)=O,5,68.20
1958,[13*]C1OC[C@@H](O)[C@H]1O,5,49.69
1959,[13*]C1Nc2cc(Cl)c(N)cc2S(=O)(=O)N1,5,84.22
1960,[13*]C1Nc2c(Br)cc(Br)cc2S(=O)(=O)N1,5,58.20
1961,[13*]C1NS(=O)(=O)NC1C,5,58.20
1962,[13*]C1NC=CC=C1C(=O)O,5,49.33
1963,[13*]C1NC(=O)NC2=C1C(=O)C(C)(C)CC2,5,58.20
1964,[13*]C1NC(=O)N(C)C2=C1C(=O)N(C)C2,5,52.65
1965,[13*]C1COC(NS(=O)(=O)O)=N1,5,87.99
1966,[13*]C1CC[C@H](C)NS1(=O)=O,5,46.17
1967,[13*]C1CCCCN1S(=O)(=O)N1CCOCC1C,5,49.85
1968,[13*]C1CCC2C(=O)NCC(=O)N12,5,49.41
1969,[13*]C1CC(C(N)=O)=C(N)S1,5,69.11
1970,[13*]C1(C)OC(c2cccc(Br)c2)=NN1C(C)=O,5,41.90
1971,[13*]C1(C)NC(=O)c2cc([SH](=O)=O)cc(Cl)c2NC1=O,5,92.34
1972,[12*]S(=O)(=O)c1cccc2cncc(Cl)c12,5,47.03
1973,[12*]S(=O)(=O)c1ccc2c(c1)NC(=O)[C@H]1CCCN21,5,66.48
1974,[12*]S(=O)(=O)c1ccc2c(c1)NC(=O)[C@@H]1CCCN21,5,66.48
1975,[12*]S(=O)(=O)c1ccc2c(c1)N(C)C(=O)[C@H]1CCCN21,5,57.69
1976,[12*]S(=O)(=O)c1ccc2c(c1)N(C)C(=O)[C@@H]1CCCN21,5,57.69
1977,[12*]S(=O)(=O)c1ccc2[nH]c(=O)[nH]c(=O)c2c1,5,99.86
1978,[12*]S(=O)(=O)c1ccc(C)nc1,5,47.03
1979,[10*]N1CCSCC(N)C1=O,5,46.33
1980,[10*]N1CC(=O)Nc2ccc(Br)cc2C1=O,5,49.41
1981,[10*]N1C(=O)c2oc3ccccc3c(=O)c2[C@@H]1c1ccccn1,5,63.41
1982,[10*]N1C(=O)c2oc3ccc(F)cc3c(=O)c2[C@H]1c1ccccn1,5,63.41
1983,[10*]N1C(=O)c2cccc3c(N)c(Br)cc(c23)C1=O,5,63.40
1984,[10*]N1C(=O)c2cccc3c(C#CCO)ccc(c23)C1=O,5,57.61
1985,[10*]N1C(=O)c2ccc(Cl)cc2S1(=O)=O,5,54.45
1986,[10*]N1C(=O)Nc2cc(C)ccc2S1(=O)=O,5,66.48
1987,[10*]N1C(=O)NC2CC1(C)Oc1c(Br)cc(C)cc12,5,41.57
1988,[10*]N1C(=O)NC2CC1(C)Oc1c(Br)cc(Br)cc12,5,41.57
1989,[10*]N1C(=O)NC(=O)C12CCCc1ccccc12,5,49.41
1990,[10*]N1C(=O)CS/C1=C(/C#N)C(=O)O,5,81.40
1991,[1*]C(=O)C[C@H](N)[C@H]1CCc2cc(F)c(F)cc21,5,43.09
1992,[1*]C(=O)CN1C(=O)COc2ccc(C)cc21,5,46.61
1993,[1*]C(=O)CCN(N)C1=NS(=O)(=O)c2ccccc21,5,92.83
1994,[1*]C(=O)CCC(=O)N/N=C1/CC(=O)CC(C)(C)C1,5,75.60
1995,[1*]C(=O)CC1=CCC2=C(CCCC2=O)O1,5,43.37
1996,[1*]C(=O)C1=NN(CC)c2ccccc2S1(=O)=O,5,66.81
1997,[1*]C(=O)C1=C[C@@H]2C=CC=C[C@H]2OC1=O,5,43.37
1998,[1*]C(=O)C1=CNC(=C)C(C=O)=C1,5,46.17
1999,[1*]C(=O)C(N)CCC,5,43.09
