FID,SMILES,TPSA
0,[11*]S,0.0
1,[13*][C@@H]1CSCCS1,0.0
2,[13*][C@H]1Cc2ccccc2S1,0.0
3,[13*][C@]1(C)CCCS1,0.0
4,[14*]c1cc(C)c(Br)s1,0.0
5,[14*]c1cc(Cl)cs1,0.0
6,[14*]c1cc2c(s1)CCCC2,0.0
7,[14*]c1cc2c(s1)CCCCC2,0.0
8,[14*]c1cc2c(s1)C[C@@H](C)CC2,0.0
9,[14*]c1cc2c(s1)SCC2,0.0
10,[14*]c1sc2ccccc2c1C,0.0
11,[14*]c1sc2ccccc2c1Cl,0.0
12,[14*]c1sccc1Br,0.0
13,[14*]c1sccc1C,0.0
14,[15*]C12CC3C[C@H](C1)C[C@@H](C3)C2,0.0
15,[15*]C1CCC1,0.0
16,[15*]C1CCC[C@@H]1C,0.0
17,[15*]C1C[C@H]2CC[C@@H]1C2,0.0
18,[15*]C1Cc2ccccc2C1,0.0
19,[15*]C1[C@@H](C)CCC[C@@H]1C,0.0
20,[15*][C@@H]1CC1(C)C,0.0
21,[15*][C@@H]1CC=CCC1,0.0
22,[15*][C@@H]1CCC(C)(C)C1,0.0
23,[15*][C@@H]1CCC(C)(C)C[C@@H]1C,0.0
24,[15*][C@@H]1CCC1(C)C,0.0
25,[15*][C@@H]1CCC12CCC2,0.0
26,[15*][C@@H]1CCCC(C)(C)C1,0.0
27,[15*][C@@H]1CCCC(C)C1,0.0
28,[15*][C@@H]1CCCS[C@@H]1C,0.0
29,[15*][C@@H]1CCC[C@@H](C)[C@@H]1C,0.0
30,[15*][C@@H]1CCC[C@H](C)C1,0.0
31,[15*][C@@H]1CCC[C@H](C)[C@H]1C,0.0
32,[15*][C@@H]1CC[C@@H](C)C1,0.0
33,[15*][C@@H]1CC[C@@H](C)[C@@H](C)C1,0.0
34,[15*][C@@H]1CC[C@H](C)[C@@H](C)C1,0.0
35,[15*][C@@H]1CC[C@H](C)[C@H](C)C1,0.0
36,[15*][C@@H]1CC[C@H]1C,0.0
37,[15*][C@@H]1CCc2ccsc2C1,0.0
38,[15*][C@@H]1CS[C@@H](C)C1,0.0
39,[15*][C@@H]1CS[C@H](C)C1,0.0
40,[15*][C@@H]1C[C@@H](C)CC(C)(C)C1,0.0
41,[15*][C@@H]1C[C@@H]2C=C[C@H]1C2,0.0
42,[15*][C@@H]1C[C@@H]2CC[C@@]1(C)C2(C)C,0.0
43,[15*][C@@H]1C[C@@H]2CC[C@H]1C2,0.0
44,[15*][C@@H]1C[C@@]12CCc1ccccc12,0.0
45,[15*][C@@H]1C[C@H](C)CC(C)(C)C1,0.0
46,[15*][C@@H]1[C@@H](C)C1(C)C,0.0
47,[15*][C@H]1C=CCC1,0.0
48,[15*][C@H]1CC1(C)C,0.0
49,[15*][C@H]1CC1(Cl)Cl,0.0
50,[15*][C@H]1CC2c3ccccc3C1c1ccccc12,0.0
51,[15*][C@H]1CC=CC[C@@H]1C,0.0
52,[15*][C@H]1CCC(C)=C(C)C1,0.0
53,[15*][C@H]1CCC12CCCCC2,0.0
54,[15*][C@H]1CCCC(C)C1,0.0
55,[15*][C@H]1CCCS[C@@H]1C,0.0
56,[15*][C@H]1CCC[C@H](C)C1,0.0
57,[15*][C@H]1CCC[C@H](C)[C@@H]1C,0.0
58,[15*][C@H]1CCC[C@H](C2CC2)C1,0.0
59,[15*][C@H]1CC[C@@H](C)C1,0.0
60,[15*][C@H]1CC[C@@H](C)CC1,0.0
61,[15*][C@H]1CC[C@@H](C)C[C@@H]1C,0.0
62,[15*][C@H]1CC[C@@H](C)C[C@H]1C,0.0
63,[15*][C@H]1CC[C@@H](C)[C@@H](C)C1,0.0
64,[15*][C@H]1CC[C@@H]2CCCC[C@@H]2C1,0.0
65,[15*][C@H]1CC[C@H](C)C1,0.0
66,[15*][C@H]1CC[C@H](C)[C@@H](C)C1,0.0
67,[15*][C@H]1CSCC(C)(C)C1,0.0
68,[15*][C@H]1C[C@@H](C)C1(C)C,0.0
69,[15*][C@H]1C[C@@H]2C=C[C@H]1C2,0.0
70,[15*][C@H]1C[C@H]1C1CCCCC1,0.0
71,[15*][C@H]1C[C@H]2CC[C@@H]1C2,0.0
72,[15*][C@H]1C[C@]12CCc1ccccc12,0.0
73,[16*]c1c(Br)cc(C)cc1Br,0.0
74,[16*]c1c(C)cc(Br)cc1C,0.0
75,[16*]c1c(C)cccc1C,0.0
76,[16*]c1c(Cl)cc(C)cc1Cl,0.0
77,[16*]c1c(Cl)ccc(C)c1Cl,0.0
78,[16*]c1c(Cl)ccc(F)c1Cl,0.0
79,[16*]c1c(F)cc(F)cc1F,0.0
80,[16*]c1c(F)ccc(F)c1F,0.0
81,[16*]c1c(F)cccc1Br,0.0
82,[16*]c1cc(Br)cc(Br)c1,0.0
83,[16*]c1cc(Br)ccc1Cl,0.0
84,[16*]c1cc(Br)ccc1F,0.0
85,[16*]c1cc(C)c(Br)cc1C,0.0
86,[16*]c1cc(C)cc(Cl)c1,0.0
87,[16*]c1cc(C)ccc1C,0.0
88,[16*]c1cc(C)sc1C,0.0
89,[16*]c1cc(Cl)c(C)c(Cl)c1,0.0
90,[16*]c1cc(Cl)cc(Br)c1,0.0
91,[16*]c1cc(Cl)ccc1Br,0.0
92,[16*]c1cc(F)c(F)cc1F,0.0
93,[16*]c1cc(F)cc(F)c1,0.0
94,[16*]c1cc(F)ccc1Br,0.0
95,[16*]c1ccc(Br)c(C)c1,0.0
96,[16*]c1ccc(Br)c2ccccc12,0.0
97,[16*]c1ccc(Br)cc1,0.0
98,[16*]c1ccc(Br)cc1Br,0.0
99,[16*]c1ccc(Br)cc1C,0.0
100,[16*]c1ccc(Br)cc1Cl,0.0
101,[16*]c1ccc(Br)cc1F,0.0
102,[16*]c1ccc(C)c(Br)c1,0.0
103,[16*]c1ccc(C)c(I)c1,0.0
104,[16*]c1ccc(C)cc1C,0.0
105,[16*]c1ccc(C)cc1Cl,0.0
106,[16*]c1ccc(C)cc1F,0.0
107,[16*]c1ccc(Cl)c(C)c1,0.0
108,[16*]c1ccc(Cl)cc1C,0.0
109,[16*]c1ccc(F)c(Br)c1,0.0
110,[16*]c1ccc(F)cc1Cl,0.0
111,[16*]c1ccc(F)cc1F,0.0
112,[16*]c1ccc(I)cc1C,0.0
113,[16*]c1ccc2c(c1)-c1ccccc1C2,0.0
114,[16*]c1ccc2c(c1)CCC2,0.0
115,[16*]c1ccc2c(c1)CCCC2,0.0
116,[16*]c1ccc2cc(Br)ccc2c1,0.0
117,[16*]c1cccc(Br)c1,0.0
118,[16*]c1cccc(Cl)c1,0.0
119,[16*]c1cccc(Cl)c1Cl,0.0
120,[16*]c1cccc(Cl)c1F,0.0
121,[16*]c1cccc(F)c1Cl,0.0
122,[16*]c1cccc2cccc(Cl)c12,0.0
123,[16*]c1cccc2ccccc12,0.0
124,[16*]c1ccccc1,0.0
125,[16*]c1ccccc1F,0.0
126,[16*]c1ccsc1,0.0
127,[16*]c1csc(Br)c1,0.0
128,[16*]c1csc2c1CCCC2,0.0
129,[16*]c1csc2c1CCCCC2,0.0
130,[16*]c1csc2c1CCCCCC2,0.0
131,[4*]C(C)(C)C,0.0
132,[4*]C(C)(C)CC,0.0
133,[4*]C(C)(CC)CC,0.0
134,[4*]C(C)C,0.0
135,[4*]C(CC)CC,0.0
136,[4*]C/C=C/Cl,0.0
137,[4*]C1(C2CC2)CC1,0.0
138,[4*]C1CCC(C)CC1,0.0
139,[4*]C1CCC1,0.0
140,[4*]C1CCCCC1,0.0
141,[4*]C1CCSCC1,0.0
142,[4*]CC,0.0
143,[4*]CC#CC,0.0
144,[4*]CC(C)(C)CCCCC,0.0
145,[4*]CC(C)Cl,0.0
146,[4*]CC(CC)CC,0.0
147,[4*]CC(Cl)(Cl)Cl,0.0
148,[4*]CC(F)(F)F,0.0
149,[4*]CC(F)F,0.0
150,[4*]CCC,0.0
151,[4*]CCC(CC)CC,0.0
152,[4*]CCC(F)(F)F,0.0
153,[4*]CCC=C,0.0
154,[4*]CCCBr,0.0
155,[4*]CCCCC#C,0.0
156,[4*]CCCCCC,0.0
157,[4*]CCCCCCS,0.0
158,[4*]CCCCS,0.0
159,[4*]CCCS,0.0
160,[4*]CCS,0.0
161,[4*]CC[C@@H](C)CCS,0.0
162,[4*]CC[C@H](C)CC,0.0
163,[4*]CC[C@H](C)CCS,0.0
164,[4*]C[C@@H](CC)CS,0.0
165,[4*]C[C@@H](CS)C(C)C,0.0
166,[4*]C[C@@H](CS)CCC,0.0
167,[4*]C[C@@H]1Cc2ccccc21,0.0
168,[4*]C[C@H](C)CC,0.0
169,[4*]C[C@H](CC)CS,0.0
170,[4*]C[C@H](CS)C(C)C,0.0
171,[4*]C[C@H](CS)CCC,0.0
172,[4*]C[C@H]1CCC(C)(C)c2ccccc21,0.0
173,[4*][C@@H](C)C(C)(C)C,0.0
174,[4*][C@@H](C)CC#C,0.0
175,[4*][C@@H](C)CCC=C,0.0
176,[4*][C@@H](C)CCCC,0.0
177,[4*][C@@H](C)CCCC(C)C,0.0
178,[4*][C@@H](C)CCCC=C,0.0
179,[4*][C@@H](C)CCCCl,0.0
180,[4*][C@@H](C)C[C@H](C)CC,0.0
181,[4*][C@@H](C)[C@@H](C)CC,0.0
182,[4*][C@@H](CCl)C(C)C,0.0
183,[4*][C@@H]1CCCS[C@@H]1C,0.0
184,[4*][C@H](C)C(F)(F)F,0.0
185,[4*][C@H](C)CC,0.0
186,[4*][C@H](C)CC(F)(F)F,0.0
187,[4*][C@H](C)CCC,0.0
188,[4*][C@H](C)CCC(C)C,0.0
189,[4*][C@H]1CCSC1,0.0
190,[4*][C@H]1CSCC(C)(C)C1,0.0
191,[4*][C@H]1CS[C@H](C)C1,0.0
192,[4*][C@]1(C)CCC1(C)C,0.0
193,[7*]=C(C)C(C)(C)C,0.0
194,[7*]=C(C)C(C)C,0.0
195,[7*]=C(C)c1ccc(F)cc1F,0.0
196,[7*]=C(C)c1ccccc1F,0.0
197,[7*]=C(c1ccccc1)C(F)(F)F,0.0
198,[7*]=C1CCCC1,0.0
199,[7*]=C1CCCCC1,0.0
200,[7*]=CC1CC1,0.0
201,[7*]=CCC,0.0
202,[7*]=CCCCC,0.0
203,[7*]=Cc1c(Cl)cccc1Cl,0.0
204,[7*]=Cc1c(F)cccc1Cl,0.0
205,[7*]=Cc1c(F)cccc1F,0.0
206,[7*]=Cc1cc(C)cc(C)c1,0.0
207,[7*]=Cc1cc(F)ccc1F,0.0
208,[7*]=Cc1ccc(Br)s1,0.0
209,[7*]=Cc1ccc(C)c(Cl)c1,0.0
210,[7*]=Cc1ccc(C)cc1,0.0
211,[7*]=Cc1ccc(C)s1,0.0
212,[7*]=Cc1ccc(Cl)cc1Cl,0.0
213,[7*]=Cc1ccc(F)cc1,0.0
214,[7*]=Cc1ccc2ccccc2c1,0.0
215,[7*]=Cc1cccc(I)c1,0.0
216,[7*]=Cc1ccccc1,0.0
217,[7*]=Cc1ccccc1Cl,0.0
218,[7*]=Cc1ccccc1F,0.0
219,[7*]=Cc1ccsc1,0.0
220,[7*]=Cc1sccc1C,0.0
221,[8*]C(C)(C)CC,0.0
222,[8*]C(C)C,0.0
223,[8*]C(F)(F)Cl,0.0
224,[8*]C(F)(F)F,0.0
225,[8*]CC#C,0.0
226,[8*]CC(=C)C,0.0
227,[8*]CC(C)C,0.0
228,[8*]CC(CC)CC,0.0
229,[8*]CCC(C)C,0.0
230,[8*]CCCC(F)(F)F,0.0
231,[8*]CCCCC,0.0
232,[8*]CCCCl,0.0
233,[8*]C[C@@H](C)CS,0.0
234,[8*]C[C@@H]1CCCc2ccccc21,0.0
235,[8*]C[C@H](C)CCC,0.0
236,[8*][C@@H](Br)CC,0.0
237,[8*][C@@H](C)Br,0.0
238,[8*][C@@H](C)CBr,0.0
239,[8*][C@@H](C)CCC,0.0
240,[8*][C@@H](C)Cl,0.0
241,[8*][C@@H](C)[C@@H](C)CC,0.0
242,[8*][C@@H](Cl)CC,0.0
243,[8*][C@H](C)CC,0.0
244,[8*][C@H](C)CCC,0.0
245,[16*]c1cccc([N+]2=CCCC2)c1,3.01
246,[11*]SC(=S)N(C)C,3.24
247,[13*][C@H]1CCCN1C,3.24
248,[15*][C@@H]1CCN(C)C1,3.24
249,[4*]C1CCN(C)CC1,3.24
250,[5*]N(C)[C@@H]1CCCc2ccccc21,3.24
251,[5*]N(C)[C@H]1CCCc2ccccc21,3.24
252,[5*]N(C)[C@H]1CCc2ccccc21,3.24
253,[5*]N1CC(C)(C)C1(C)C,3.24
254,[5*]N1CC(C)C1,3.24
255,[5*]N1CC2(CC2)c2ccccc21,3.24
256,[5*]N1CC2(CCCC2)c2ccccc21,3.24
257,[5*]N1CC=C(c2ccc(F)cc2)CC1,3.24
258,[5*]N1CC=C(c2cccc(C)c2)CC1,3.24
259,[5*]N1CC=C(c2cccs2)CC1,3.24
260,[5*]N1CC=CC1,3.24
261,[5*]N1CCC(C)CC1,3.24
262,[5*]N1CCC1,3.24
263,[5*]N1CCC2(CC1)CC2,3.24
264,[5*]N1CCC2(CCCC2)CC1,3.24
265,[5*]N1CCCC(C)(C)c2ccccc21,3.24
266,[5*]N1CCCCCCC1,3.24
267,[5*]N1CCCCc2cc(Br)ccc21,3.24
268,[5*]N1CCCCc2ccccc21,3.24
269,[5*]N1CCCSc2ccccc21,3.24
270,[5*]N1CCC[C@@H](C)CC1,3.24
271,[5*]N1CCC[C@@H]2CCCC[C@H]21,3.24
272,[5*]N1CCC[C@@H]2CCC[C@H]21,3.24
273,[5*]N1CCC[C@H](C)C1,3.24
274,[5*]N1CCC[C@H](C)[C@H]1C,3.24
275,[5*]N1CCC[C@H]1C,3.24
276,[5*]N1CCC[C@H]2CCCC[C@@H]21,3.24
277,[5*]N1CCCc2cc(C)cc(C)c21,3.24
278,[5*]N1CCCc2cc(C)cc(F)c21,3.24
279,[5*]N1CCCc2ccccc21,3.24
280,[5*]N1CCSC(C)(C)C1,3.24
281,[5*]N1CCSC2(CCCCC2)C1,3.24
282,[5*]N1CCS[C@@H](C)[C@@H]1C,3.24
283,[5*]N1CCS[C@H](C)[C@H]1C,3.24
284,[5*]N1CCSc2ccccc21,3.24
285,[5*]N1CC[C@@H]2CCCC[C@@H]21,3.24
286,[5*]N1CC[C@@H]2CCCC[C@@H]2C1,3.24
287,[5*]N1CC[C@H](F)C1,3.24
288,[5*]N1CC[C@H]2CCCC[C@@H]21,3.24
289,[5*]N1CC[C@H]2CCCC[C@H]21,3.24
290,[5*]N1CCc2cc(Cl)cc(Cl)c2C1,3.24
291,[5*]N1CCc2cc(F)ccc2C1,3.24
292,[5*]N1CCc2ccc(Cl)cc21,3.24
293,[5*]N1CCc2ccc(Cl)cc2C1,3.24
294,[5*]N1CCc2ccccc21,3.24
295,[5*]N1CCc2ccccc2C1,3.24
296,[5*]N1CCc2ccccc2[C@H]1C,3.24
297,[5*]N1CCc2ccccc2[C@H]1c1cccs1,3.24
298,[5*]N1CCc2sccc2C1,3.24
299,[5*]N1CCc2sccc2[C@@H]1C,3.24
300,[5*]N1CCc2sccc2[C@H]1CC,3.24
301,[5*]N1C[C@@H](C)CC[C@H]1C,3.24
302,[5*]N1C[C@@H](C)C[C@H](C)C1,3.24
303,[5*]N1C[C@@H](C)c2ccccc21,3.24
304,[5*]N1C[C@H](C)CC[C@@H]1C,3.24
305,[5*]N1C[C@H](C)S[C@H](C)C1,3.24
306,[5*]N1C[C@H](C)[C@@H](C)C1,3.24
307,[5*]N1C[C@H](C)c2ccccc21,3.24
308,[5*]N1C[C@H]2CC=CC[C@@H]2C1,3.24
309,[5*]N1C[C@H]2CCCC[C@@H]2C1,3.24
310,[5*]N1C[C@H]2CC[C@@H]1C2,3.24
311,[5*]N1C[C@H]2[C@@H](C1)C2(C)C,3.24
312,[5*]N1Cc2ccccc2C1,3.24
313,[5*]N1[C@@H](C)CCC[C@@H]1C,3.24
314,[5*]N1[C@@H](C)CCC[C@H]1C,3.24
315,[5*]N1[C@@H](C)CC[C@H]1C,3.24
316,[5*]N1[C@@H](C)C[C@@H]2CCCC[C@@H]21,3.24
317,[5*]N1[C@@H](C)C[C@H]2CCCC[C@@H]21,3.24
318,[5*]N1[C@H](C)CCC[C@H]1C,3.24
319,[5*]N1c2ccc(F)cc2CC[C@@H]1C,3.24
320,[5*]N1c2ccccc2CC[C@@H]1C,3.24
321,[5*][N+]12CCN(CC1)CC2,3.24
322,[8*]CN1CCCCC1,3.24
323,[14*]c1scc[n+]1CC,3.88
324,[16*]c1cc[n+](C)cc1,3.88
325,[16*]c1cc2ccccn2c1,4.41
326,[13*][C@@H]1CCCCC[NH+]1C,4.44
327,[13*][C@@H]1CCC[NH+]1C,4.44
328,[15*]C1C[C@@H]2CC[C@H](C1)[NH+]2C,4.44
329,[15*][C@@H]1CCC[NH+](C)C1,4.44
330,[15*][C@@H]1CC[NH+]2CCC[C@H]12,4.44
331,[15*][C@@H]1C[C@H](C)[NH+](C)C1,4.44
332,[15*][C@H]1CCC[NH+](C)C1,4.44
333,[15*][C@H]1CC[NH+]2CCC[C@@H]2C1,4.44
334,[15*][C@H]1C[C@H](C)[NH+](C)C1,4.44
335,[16*]c1csc2c1CC[NH+](C)C2,4.44
336,[5*][NH+](C)[C@H]1CCc2ccccc21,4.44
337,[5*][NH+]1CC(C)C1,4.44
338,[5*][NH+]1CCC(C)(C)CC1,4.44
339,[5*][NH+]1CCC1,4.44
340,[5*][NH+]1CCC2(CCC2)C1,4.44
341,[5*][NH+]1CCC2(CCCCC2)CC1,4.44
342,[5*][NH+]1CCCC1,4.44
343,[5*][NH+]1CCCC[C@@H]1C,4.44
344,[5*][NH+]1CCC[C@@H](C)CC1,4.44
345,[5*][NH+]1CCC[C@H](C)C1,4.44
346,[5*][NH+]1CCC[C@H]2CCCC[C@@H]21,4.44
347,[5*][NH+]1CCC[C@H]2CCCC[C@H]21,4.44
348,[5*][NH+]1CCC[C@H]2CCC[C@@H]21,4.44
349,[5*][NH+]1CCSC(C)(C)C1,4.44
350,[5*][NH+]1CC[C@@H]2CCCC[C@@H]21,4.44
351,[5*][NH+]1CC[C@H](C)C[C@H]1C,4.44
352,[5*][NH+]1CCc2ccccc2C1,4.44
353,[5*][NH+]1CCc2ccsc2C1,4.44
354,[5*][NH+]1C[C@@H](C)C[C@H](C)C1,4.44
355,[5*][NH+]1C[C@@H](C)[C@@H](C)C1,4.44
356,[5*][NH+]1C[C@H](C)CC[C@H]1C,4.44
357,[5*][NH+]1C[C@H](C)S[C@@H](C)C1,4.44
358,[5*][NH+]1[C@@H](C)CCC[C@@H]1C,4.44
359,[5*][NH+]1[C@@H](C)CC[C@@H]1C,4.44
360,[5*][NH+]1[C@H](C)CCC[C@H]1C,4.44
361,[5*][NH+]1[C@H]2CCC[C@@H]1CC2,4.44
362,[5*][NH+]1[C@H]2CCC[C@@H]1CCC2,4.44
363,[14*]c1cc(Cl)c(Cl)n1C,4.93
364,[14*]c1cc(Cl)cn1C,4.93
365,[14*]c1cc2cc(F)ccc2n1C,4.93
366,[14*]c1cc2ccccc2n1C,4.93
367,[14*]c1cccn1C,4.93
368,[16*]c1c(C)n(C)c2ccccc12,4.93
369,[9*]n1c2ccccc2c2ccccc21,4.93
370,[9*]n1cc(C)c2ccccc21,4.93
371,[9*]n1ccc2ccsc21,4.93
372,[9*]n1ccc2sc(C)cc21,4.93
373,[9*]n1ccc2sccc21,4.93
374,[9*]n1cccc1C,4.93
375,[5*]N1CC[C@@H]([N+]2=CCCC2)C1,6.25
376,[5*]N1Cc2ccccc2N(C)C[C@H]1C,6.48
377,[5*]N1CCC[C@H]1[C@@H]1CCC[NH+]1C,7.680000000000001
378,[5*]N1CCC[NH+]2CCCC[C@@H]2C1,7.680000000000001
379,[5*]N1CC[NH+](C)CC1,7.680000000000001
380,[5*]N1CC[NH+](C)[C@@H](C)C1,7.680000000000001
381,[5*]N1CC[NH+]2CCC[C@@H]2C1,7.680000000000001
382,[5*]N1C[C@@H]2CCCC[NH+]2C[C@@H]1C,7.680000000000001
383,[5*]N1C[C@@H]2CCC[NH+]2C[C@@H]1C,7.680000000000001
384,[5*]N1C[C@@H]2[C@H](C1)C[NH+]1CCCC[C@H]21,7.680000000000001
385,[5*]N1C[C@H]2CCCC[NH+]2C[C@@H]1C,7.680000000000001
386,[5*]N1C[C@H]2CCC[NH+]2C[C@H]1C,7.680000000000001
387,[5*]N1c2ccc(C)cc2[C@@H]2C[NH+](C)CC[C@@H]21,7.680000000000001
388,[5*][NH+]1CCCN(C)CC1,7.680000000000001
389,[5*][NH+]1CC[C@H]2CC[C@@H](C1)N2C,7.680000000000001
390,[5*]N1CCn2cccc2[C@@H]1c1ccccc1,8.17
391,[5*]N1CCn2cccc2[C@H]1C,8.17
392,[5*][NH+]1CCC2(CC[NH+](C)CC2)C1,8.88
393,[13*][C@@H]1CSCCO1,9.23
394,[13*][C@@H]1Cc2cc(C)ccc2O1,9.23
395,[13*][C@@H]1Cc2cccc(F)c2O1,9.23
396,[13*][C@@H]1Cc2ccccc2O1,9.23
397,[13*][C@H]1CCCCO1,9.23
398,[13*][C@H]1CCCO1,9.23
399,[13*][C@H]1Cc2cc(F)ccc2O1,9.23
400,[13*][C@H]1Cc2cccc(F)c2O1,9.23
401,[14*]c1cc2c(s1)-c1ccccc1OC2,9.23
402,[15*]C1(C)COC1,9.23
403,[15*]C1COC1,9.23
404,[15*]C1C[C@@H](C)O[C@H](C)C1,9.23
405,[15*]C1C[C@H](C)O[C@@H](C)C1,9.23
406,[15*][C@@H]1CCOC2(CCC2)C1,9.23
407,[15*][C@@H]1CCO[C@@H]1C,9.23
408,[15*][C@@H]1CCO[C@@]2(CCSC2)C1,9.23
409,[15*][C@@H]1C[C@H]2CC[C@@H]1O2,9.23
410,[15*][C@H]1COC[C@H]1C,9.23
411,[15*][C@H]1C[C@@H]2C=C[C@H]1O2,9.23
412,[15*][C@H]1C[C@H]2CC[C@@H]1O2,9.23
413,[15*][C@H]1[C@@H]2CCO[C@@H]2C1(C)C,9.23
414,[15*][C@H]1[C@H]2CCO[C@@H]2C12CCC2,9.23
415,[16*]c1cc(F)cc2c1OCC2,9.23
416,[16*]c1ccc2c(c1)CCCO2,9.23
417,[16*]c1ccc2c(c1)CCO2,9.23
418,[16*]c1ccc2c(c1)C[C@H](C)O2,9.23
419,[16*]c1ccc2c(c1)OCCC2,9.23
420,[3*]OC,9.23
421,[3*]OC(F)(F)F,9.23
422,[4*]C1COC1,9.23
423,[4*]CC1=CCCOC1,9.23
424,[4*]CCC1=CCOCC1,9.23
425,[4*]C[C@@H]1COc2ccccc21,9.23
426,[4*][C@@H]1CC(C)(C)OC1(C)C,9.23
427,[4*][C@H]1CCOC1,9.23
428,[7*]=Cc1ccc2c(c1)CCO2,9.23
429,[14*]c1cccc[o+]1,11.3
430,[13*]C1CCCN1,12.03
431,[13*][C@@H]1CCCCCN1,12.03
432,[13*][C@@H]1CSCCCN1,12.03
433,[13*][C@@H]1CSCN1,12.03
434,[13*][C@@H]1Cc2ccccc2N1,12.03
435,[13*][C@@H]1NCSC1(C)C,12.03
436,[13*][C@@]1(C)CCCN1,12.03
437,[13*][C@H]1C=CCN1,12.03
438,[13*][C@H]1CCCCN1,12.03
439,[13*][C@H]1CCCN1,12.03
440,[13*][C@H]1CCc2ccccc2N1,12.03
441,[13*][C@H]1CNCCS1,12.03
442,[13*][C@H]1CSCN1,12.03
443,[13*][C@H]1NCCC[C@@H]1C,12.03
444,[13*][C@H]1Nc2ccccc2[C@@H]2C=CC[C@@H]12,12.03
445,[13*][C@H]1Nc2ccccc2[C@H]2C=CC[C@@H]21,12.03
446,[13*][C@H]1Nc2ccccc2[C@H]2C=CC[C@H]21,12.03
447,[14*]c1cc2c(s1)CCNC2,12.03
448,[14*]c1cc2c(s1)CNCC2,12.03
449,[15*]C1(C)CCNCC1,12.03
450,[15*]C1CCNC1,12.03
451,[15*]C1CCNCC1,12.03
452,[15*]C1CNC1,12.03
453,[15*][C@@H]1CCCNC1,12.03
454,[15*][C@@H]1CCN[C@H](C)[C@@H]1C,12.03
455,[15*][C@@H]1CC[C@@H](C)NC1,12.03
456,[15*][C@@H]1CN[C@@H](C)C1,12.03
457,[15*][C@@]1(C)CCCNC1,12.03
458,[15*][C@@]1(F)CCNC1,12.03
459,[15*][C@H]1CC12CCNCC2,12.03
460,[15*][C@H]1CCCNC1,12.03
461,[15*][C@H]1CCNC[C@H]1C,12.03
462,[15*][C@H]1CCN[C@@H]1C,12.03
463,[15*][C@H]1CCN[C@H](C)[C@@H]1C,12.03
464,[15*][C@H]1CCN[C@H]1C,12.03
465,[15*][C@H]1CC[C@H](C)NC1,12.03
466,[15*][C@H]1CN[C@H](C)C1,12.03
467,[15*][C@]1(C)CCNC1,12.03
468,[16*]c1ccc(C2=CCNCC2)cc1,12.03
469,[16*]c1ccc2c(c1)CCCN2,12.03
470,[16*]c1ccc2c(c1)CCN2,12.03
471,[16*]c1ccc2c(c1)CCN[C@H]2c1ccccc1,12.03
472,[16*]c1ccc2c(c1)CNCC2,12.03
473,[16*]c1ccc2c(c1)C[C@@H](C)N2,12.03
474,[16*]c1ccc2c(c1)[C@@H](c1ccccc1)NCC2,12.03
475,[16*]c1ccc2c(c1)[C@@H](c1cccs1)NCC2,12.03
476,[16*]c1ccc2c(c1)[C@H](C)NCC2,12.03
477,[16*]c1ccc2c(c1)[C@H](c1cccs1)NCC2,12.03
478,[16*]c1ccc2c(c1)[C@H]1C=CC[C@@H]1CN2,12.03
479,[16*]c1cccc2c1NC[C@@H]1CC=C[C@H]21,12.03
480,[4*]C1CCNCC1,12.03
481,[5*]NC(=S)S,12.03
482,[5*]NC1=CCCCC1,12.03
483,[5*]N[C@@H]1CCc2c(Br)cccc21,12.03
484,[5*]N[C@@H]1CCc2c(F)cccc21,12.03
485,[5*]N[C@@H]1c2cccc(F)c2CC[C@H]1C,12.03
486,[5*]N[C@@H]1c2ccccc2C[C@@H]1C,12.03
487,[5*]N[C@H]1CCCc2ccc(F)cc21,12.03
488,[5*]N[C@H]1CCc2cc(F)ccc21,12.03
489,[5*]N[C@H]1c2cccc(F)c2CC[C@H]1C,12.03
490,[5*]N[C@H]1c2ccccc2C[C@@H]1C,12.03
491,[5*]N[C@H]1c2ccccc2C[C@H]1C,12.03
492,[7*]=C1CSCN1,12.03
493,[11*]SC1=NCCS1,12.36
494,[11*]SC1=N[C@@H](C)CS1,12.36
495,[13*][C@@H]1N=C(C)C=C1C,12.36
496,[13*][C@@H]1CN(C)CCO1,12.47
497,[13*][C@@H]1CN2CCCC[C@@H]2CO1,12.47
498,[13*][C@H]1CN2CCCC[C@@H]2CO1,12.47
499,[13*][C@H]1CN2CCC[C@@H]2CO1,12.47
500,[16*]c1ccc2c(c1)N(C)CCO2,12.47
501,[5*]N1CCCOC1,12.47
502,[5*]N1CCCOCC1,12.47
503,[5*]N1CCOC(C)(C)C1,12.47
504,[5*]N1CCOC2(CCCC2)C1,12.47
505,[5*]N1CCOC2(CCCCCC2)C1,12.47
506,[5*]N1CCO[C@@H](C)[C@@H]1C,12.47
507,[5*]N1CCO[C@@H]2CCC[C@@H]21,12.47
508,[5*]N1CCO[C@H](C)[C@@H]1C,12.47
509,[5*]N1CCO[C@H](C)[C@H]1C,12.47
510,[5*]N1CCO[C@H]2CCC[C@@H]21,12.47
511,[5*]N1CCO[C@H]2CCC[C@H]21,12.47
512,[5*]N1CCOc2ccccc21,12.47
513,[5*]N1CC[C@]2(CCOC2)C1,12.47
514,[5*]N1C[C@@H](C)OC[C@@H]1C,12.47
515,[5*]N1C[C@@H](C)Oc2ccccc21,12.47
516,[5*]N1C[C@H](C)OCC1(C)C,12.47
517,[5*]N1C[C@H](C)OC[C@@H]1C,12.47
518,[5*]N1C[C@H](C)OC[C@H]1C,12.47
519,[5*]N1C[C@H](C)O[C@@H](C)C1,12.47
520,[5*]N1C[C@H](C)Oc2ccc(Cl)cc21,12.47
521,[5*]N1Cc2ccccc2OC2(CCCCC2)C1,12.47
522,[5*]N1c2ccccc2OC[C@H]1C,12.47
523,[13*]C1CO1,12.53
524,[13*]C1O[C@@H]1C,12.53
525,[13*]C1O[C@H]1C,12.53
526,[13*][C@H]1CO1,12.53
527,[14*]c1cc(C)ccn1,12.89
528,[14*]c1cc(C)ns1,12.89
529,[14*]c1cc(Cl)c(Cl)cn1,12.89
530,[14*]c1ccc(Br)c(C)n1,12.89
531,[14*]c1ccc(C)cn1,12.89
532,[14*]c1ccc(Cl)cn1,12.89
533,[14*]c1ccc(F)cn1,12.89
534,[14*]c1ccc2c(C)csc2n1,12.89
535,[14*]c1ccc2cc(Br)ccc2n1,12.89
536,[14*]c1ccc2cc(C)cc(C)c2n1,12.89
537,[14*]c1ccc2ccc(F)cc2n1,12.89
538,[14*]c1ccc2ccccc2n1,12.89
539,[14*]c1cccc(C)n1,12.89
540,[14*]c1ccsn1,12.89
541,[14*]c1cnc(Cl)s1,12.89
542,[14*]c1cscn1,12.89
543,[14*]c1nc(Br)cs1,12.89
544,[14*]c1nc(C)cs1,12.89
545,[14*]c1nc(C)sc1C,12.89
546,[14*]c1nc2c(Br)cccc2s1,12.89
547,[14*]c1nc2c(C)c(C)ccc2s1,12.89
548,[14*]c1nc2c(C)cc(Cl)cc2s1,12.89
549,[14*]c1nc2c(C)ccc(C)c2s1,12.89
550,[14*]c1nc2c(F)cc(F)cc2s1,12.89
551,[14*]c1nc2c(F)cccc2s1,12.89
552,[14*]c1nc2c(s1)CCC2,12.89
553,[14*]c1nc2c(s1)CCCC2,12.89
554,[14*]c1nc2c(s1)CCCCC2,12.89
555,[14*]c1nc2c(s1)C[C@H](C)CC2,12.89
556,[14*]c1nc2c(s1)Cc1ccccc1-2,12.89
557,[14*]c1nc2c3c(ccc2s1)CCCC3,12.89
558,[14*]c1nc2cc(C)c(C)cc2s1,12.89
559,[14*]c1nc2cc(Cl)ccc2s1,12.89
560,[14*]c1nc2ccc(Br)cc2s1,12.89
561,[14*]c1nc2cccc(C)c2s1,12.89
562,[14*]c1nc2ccccc2cc1C,12.89
563,[14*]c1ncc(C)s1,12.89
564,[14*]c1ncc(Cl)c(Cl)c1Cl,12.89
565,[14*]c1nccc2ccccc12,12.89
566,[14*]c1nccs1,12.89
567,[14*]c1sc(Cl)nc1C,12.89
568,[14*]c1scnc1C,12.89
569,[16*]c1c(C)cnc2ccccc12,12.89
570,[16*]c1c(Cl)ccc2cccnc12,12.89
571,[16*]c1c(Cl)ccc2scnc12,12.89
572,[16*]c1c2c(nc3ccccc13)CC[C@@H](C)C2,12.89
573,[16*]c1cc(Br)cnc1Cl,12.89
574,[16*]c1cc(C)nc2c(C)cccc12,12.89
575,[16*]c1cc(Cl)cc2cccnc12,12.89
576,[16*]c1cc2cc(Cl)ccc2nc1C,12.89
577,[16*]c1cc2ccc(C)cc2nc1C,12.89
578,[16*]c1cc2ccc(F)cc2nc1C,12.89
579,[16*]c1cc2ccccc2c2cccnc12,12.89
580,[16*]c1cc2sc(C)nc2c2sccc12,12.89
581,[16*]c1ccc(Cl)nc1Cl,12.89
582,[16*]c1ccc(F)nc1,12.89
583,[16*]c1ccc2c(C)ccnc2c1,12.89
584,[16*]c1ccc2ccc(C)nc2c1,12.89
585,[16*]c1ccc2ccc(Cl)nc2c1,12.89
586,[16*]c1ccc2nc(C)ccc2c1,12.89
587,[16*]c1ccc2nc(Cl)ccc2c1,12.89
588,[16*]c1ccc2ncccc2c1,12.89
589,[16*]c1ccc2ncsc2c1,12.89
590,[16*]c1ccc2sc(C)nc2c1,12.89
591,[16*]c1ccc2scnc2c1,12.89
592,[16*]c1cccc(C#Cc2ccccn2)c1,12.89
593,[16*]c1cccc2ccc(C)nc12,12.89
594,[16*]c1cccc2cccnc12,12.89
595,[16*]c1cccc2cnccc12,12.89
596,[16*]c1cccc2ncccc12,12.89
597,[16*]c1cccc2nscc12,12.89
598,[16*]c1cccnc1C,12.89
599,[16*]c1cccnc1F,12.89
600,[16*]c1ccnc(Cl)c1,12.89
601,[16*]c1ccnc2c(F)cccc12,12.89
602,[16*]c1ccnc2cc(Cl)ccc12,12.89
603,[16*]c1ccnc2ccccc12,12.89
604,[16*]c1ccncc1,12.89
605,[16*]c1ccncc1C,12.89
606,[16*]c1ccncc1F,12.89
607,[16*]c1cnc(C)c(Cl)c1Br,12.89
608,[16*]c1cnc(C)cc1C,12.89
609,[16*]c1cnc2ccc(F)cc2c1,12.89
610,[16*]c1cnc2ccccc2c1C,12.89
611,[16*]c1cncc(Cl)c1,12.89
612,[16*]c1cncc2ccccc12,12.89
613,[16*]c1cnccc1C,12.89
614,[4*]C[C@H]1CCCc2cccnc21,12.89
615,[7*]=C1CCc2cc3ccccc3nc21,12.89
616,[7*]=Cc1ccc2ccccc2n1,12.89
617,[7*]=Cc1ccc2ncccc2c1,12.89
618,[7*]=Cc1ccccn1,12.89
619,[7*]=Cc1cnc(C)s1,12.89
620,[14*]c1cc2cc(C)c(C)cc2o1,13.14
621,[14*]c1cc2cc(F)ccc2o1,13.14
622,[14*]c1cc2ccccc2o1,13.14
623,[14*]c1ccc(Br)o1,13.14
624,[14*]c1oc2cc(C)ccc2c1C,13.14
625,[14*]c1oc2ccccc2c1C,13.14
626,[16*]c1cc2ccoc2cc1C,13.14
627,[16*]c1ccc2ccoc2c1,13.14
628,[16*]c1cccc2cc(C)oc12,13.14
629,[16*]c1coc(Br)c1,13.14
630,[16*]c1coc2c(C)c(C)ccc12,13.14
631,[16*]c1coc2cc(C)c(C)cc12,13.14
632,[16*]c1coc2ccccc12,13.14
633,[7*]=Cc1ccc(Br)o1,13.14
634,[7*]=Cc1ccc(C)o1,13.14
635,[7*]=Cc1coc2ccccc12,13.14
636,[5*][NH+]1CCC2(CCCO2)CC1,13.670000000000002
637,[5*][NH+]1CCOc2ccccc2C1,13.670000000000002
638,[5*][NH+]1CC[C@@H]2OCCC[C@@H]2C1,13.670000000000002
639,[5*][NH+]1C[C@@H](C)O[C@H](C)C1,13.670000000000002
640,[13*][C@H]1C=c2ccccc2=[NH+]1,13.97
641,[4*]CCC1=c2ccccc2=[NH+]C1,13.97
642,[14*]c1[nH+]ccc2ccccc12,14.14
643,[14*]c1[nH+]cccc1Cl,14.14
644,[14*]c1cc(C)c2ccccc2[nH+]1,14.14
645,[14*]c1cc(C)cc(C)[nH+]1,14.14
646,[14*]c1cc(C)cc[nH+]1,14.14
647,[14*]c1cccc(C)[nH+]1,14.14
648,[14*]c1cccc[nH+]1,14.14
649,[16*]c1c[nH+]c(C)cc1C,14.14
650,[16*]c1cc[nH+]c(C)c1,14.14
651,[16*]c1cc[nH+]c2cc(F)ccc12,14.14
652,[16*]c1cc[nH+]c2ccc(Cl)cc12,14.14
653,[16*]c1cc[nH+]cc1,14.14
654,[16*]c1ccc2[nH+]ccc(C)c2c1,14.14
655,[16*]c1ccc[nH+]c1,14.14
656,[13*][C@@H]1CN(C)CCN1,15.27
657,[13*][C@@H]1CN(C)c2ccccc2CN1,15.27
658,[5*]N1CCNC1,15.27
659,[5*]N1CCNCC1,15.27
660,[5*]N1CCNCC1(C)C,15.27
661,[5*]N1CCNC[C@@H]1C,15.27
662,[5*]N1C[C@H](C)NC[C@H]1C,15.27
663,[5*]NC(=S)N1CCCC1,15.27
664,[8*]CN1CCNCC1,15.27
665,[5*]N1CCN=C1S,15.6
666,[5*]N1CN=C(c2ccccc2)C1,15.6
667,[14*]c1[nH]c2c(C)cc(C)cc2c1C,15.79
668,[14*]c1[nH]c2ccc(C)cc2c1C,15.79
669,[14*]c1[nH]c2ccc(Cl)cc2c1Cl,15.79
670,[14*]c1[nH]c2ccccc2c1C,15.79
671,[14*]c1cc(Br)c[nH]1,15.79
672,[14*]c1cc(C)c[nH]1,15.79
673,[14*]c1cc2c(C)cc(C)cc2[nH]1,15.79
674,[14*]c1cc2ccsc2[nH]1,15.79
675,[14*]c1cc2sccc2[nH]1,15.79
676,[15*][C@@H]1CCc2[nH]c3ccccc3c2C1,15.79
677,[15*][C@H]1CCc2[nH]c3ccccc3c2C1,15.79
678,[16*]c1c[nH]c2cc(Cl)ccc12,15.79
679,[16*]c1c[nH]c2cc(F)ccc12,15.79
680,[16*]c1c[nH]c2ccc(C)cc12,15.79
681,[16*]c1c[nH]c2ccc(F)cc12,15.79
682,[16*]c1c[nH]c2cccc(C)c12,15.79
683,[16*]c1c[nH]c2cccc(F)c12,15.79
684,[16*]c1ccc2[nH]ccc2c1,15.79
685,[16*]c1cccc2c3c([nH]c12)CCCC3,15.79
686,[5*]N(C)[C@H]1CCCc2nc(C)sc21,16.130000000000003
687,[5*]N1CCSc2ncccc21,16.130000000000003
688,[5*]N1Cc2ncsc2C1,16.130000000000003
689,[13*][C@@H]1C[NH+]2CCC[C@@H]2CN1,16.47
690,[15*][C@@H]1CN[C@@H]2C3CC[NH+](CC3)[C@H]12,16.47
691,[5*]NC1=C[C@@H]2CC[C@H](C1)[NH+]2C,16.47
692,[5*][NH+]1CCC[C@@H]2CNCC[C@@H]21,16.47
693,[5*][NH+]1CCC[C@@H]2CNCC[C@H]21,16.47
694,[5*][NH+]1CCC[C@H]1[C@@H]1CCCN1,16.47
695,[5*][NH+]1CCC[C@]2(CCNC2)C1,16.47
696,[5*][NH+]1CCNCC1,16.47
697,[5*][NH+]1CCNC[C@H]1C,16.47
698,[5*][NH+]1CCN[C@@H](C)C1,16.47
699,[5*][NH+]1CC[C@H]2NCC[C@H]2C1,16.47
700,[8*]C[NH+]1CCNCC1,16.47
701,[13*]C1CCCCC[NH2+]1,16.61
702,[13*][C@@H]1CCC[NH2+]1,16.61
703,[13*][C@@H]1CC[C@@H]2CCCC[C@@H]2[NH2+]1,16.61
704,[13*][C@@H]1CC[C@H]2CCCC[C@H]2[NH2+]1,16.61
705,[13*][C@@H]1CSCC[NH2+]1,16.61
706,[13*][C@@H]1[NH2+]CCC[C@H]1C,16.61
707,[13*][C@@H]1[NH2+]CCS1,16.61
708,[13*][C@@]1(C)CCCCC[NH2+]1,16.61
709,[13*][C@H]1CCCC[NH2+]1,16.61
710,[13*][C@H]1CC[C@@H]2CCCC[C@@H]2[NH2+]1,16.61
711,[13*][C@H]1CC[C@H]2CCCC[C@@H]2[NH2+]1,16.61
712,[13*][C@H]1C[C@@H](C)CC[NH2+]1,16.61
713,[13*][C@H]1Cc2ccccc2C[NH2+]1,16.61
714,[15*]C1CC(C)(C)[NH2+]C(C)(C)C1,16.61
715,[15*][C@@H]1CCC[NH2+]CC1,16.61
716,[15*][C@@H]1CC[NH2+]C[C@H]1C,16.61
717,[15*][C@@H]1CC[NH2+][C@@H](C)C1,16.61
718,[15*][C@@H]1CC[NH2+][C@H](C)C1,16.61
719,[15*][C@@H]1CC[NH2+][C@H]1C,16.61
720,[15*][C@@H]1C[NH2+]CC[C@@H]1C,16.61
721,[15*][C@@H]1C[NH2+]CC[C@H]1C,16.61
722,[15*][C@@H]1C[NH2+]C[C@H]1C,16.61
723,[15*][C@@H]1C[NH2+][C@@H](C)C1,16.61
724,[15*][C@@]1(C)CC[NH2+]C1,16.61
725,[15*][C@H]1CCC[NH2+]C1,16.61
726,[15*][C@H]1CC[C@@H](C)[NH2+]C1,16.61
727,[15*][C@H]1CC[C@H](C)[NH2+]C1,16.61
728,[15*][C@H]1CC[NH2+]C[C@@H]1C,16.61
729,[15*][C@H]1CC[NH2+]C[C@H]1C,16.61
730,[15*][C@H]1CC[NH2+][C@@H](C)C1,16.61
731,[15*][C@H]1CC[NH2+][C@H]1C,16.61
732,[15*][C@H]1C[NH2+]C(C)(C)C1,16.61
733,[15*][C@H]1Cc2ccccc2[C@@H]1[NH2+]C,16.61
734,[15*][C@]1(C)CCC[NH2+]C1,16.61
735,[16*]c1ccc(C2=CC[NH2+]CC2)cc1,16.61
736,[16*]c1ccc2c(c1)CC[NH2+]C2,16.61
737,[16*]c1csc2c1CC[NH2+]C2,16.61
738,[5*][NH2+]C,16.61
739,[5*][NH2+][C@@H]1CCc2c(Br)cccc21,16.61
740,[5*][NH2+][C@@H]1CCc2c(F)ccc(Br)c21,16.61
741,[5*][NH2+][C@H]1CCc2ccccc21,16.61
742,[8*]CNn1c(C)ccc1C,16.96
743,[1*]C(=O)C(=C)C,17.07
744,[1*]C(=O)C(C)(C)C,17.07
745,[1*]C(=O)C(C)(C)CC,17.07
746,[1*]C(=O)C(C)(C)CCCCC,17.07
747,[1*]C(=O)C(C)C,17.07
748,[1*]C(=O)C(Cl)Cl,17.07
749,[1*]C(=O)C1=CCCC1,17.07
750,[1*]C(=O)CC,17.07
751,[1*]C(=O)CC(C)C,17.07
752,[1*]C(=O)CC(F)(F)F,17.07
753,[1*]C(=O)CC1=CCCCC1,17.07
754,[1*]C(=O)CC=C,17.07
755,[1*]C(=O)CCC,17.07
756,[1*]C(=O)CCC(C)C,17.07
757,[1*]C(=O)CCC=C,17.07
758,[1*]C(=O)CCCC,17.07
759,[1*]C(=O)CCCC(C)(C)C,17.07
760,[1*]C(=O)C[C@H](C)C(C)C,17.07
761,[1*]C(=O)C[C@H](C)CC(C)C,17.07
762,[1*]C(=O)[C@@H](C)CC,17.07
763,[1*]C(=O)[C@@H](C)Cl,17.07
764,[1*]C(=O)[C@@H](CC)CCCC,17.07
765,[1*]C(=O)[C@@H]1CCCc2ccccc21,17.07
766,[1*]C(=O)[C@H](C)CCC,17.07
767,[1*]C(=O)[C@H](CC)CCCC,17.07
768,[1*]C(=O)[C@H]1CSc2ccccc21,17.07
769,[1*]C(=O)[C@H]1SCCc2ccccc21,17.07
770,[1*]C(C)=O,17.07
771,[11*]S/C=C/C=O,17.07
772,[11*]SC=O,17.07
773,[15*]C1CCS(=O)CC1,17.07
774,[15*][C@@H]1CCC(C)(C)C1=O,17.07
775,[15*][C@@H]1CCCCCC1=O,17.07
776,[15*][C@@H]1CCCC[C@H]1[S@](=O)CC,17.07
777,[15*][C@@]12CC[C@@H](CC1=O)C2(C)C,17.07
778,[15*][C@H]1CCC(C)(C)C1=O,17.07
779,[15*][C@H]1CCCC(=O)C1,17.07
780,[15*][C@H]1CCCCC1=O,17.07
781,[16*]c1c(F)cc(C=O)cc1F,17.07
782,[16*]c1ccc([S@@](C)=O)cc1,17.07
783,[16*]c1ccc2ccccc2c1C=O,17.07
784,[16*]c1cccc([S@@](C)=O)c1,17.07
785,[16*]c1cccc2c1CCC2=O,17.07
786,[16*]c1ccccc1C=O,17.07
787,[4*]C(C=O)(CC)CC,17.07
788,[4*]C(C=O)C(F)(F)F,17.07
789,[4*]CC(=O)C(C)(C)C,17.07
790,[4*]CC(C)(C)C(C)=O,17.07
791,[4*]CC(C)=O,17.07
792,[4*]CCCCCC=O,17.07
793,[4*]CCC[S@](C)=O,17.07
794,[4*]CC[C@@H](C)C=O,17.07
795,[4*]CC[C@H](C)[S@](C)=O,17.07
796,[4*]CC[S@@](C)=O,17.07
797,[4*]C[C@@H](C)C=O,17.07
798,[4*]C[C@H](C)[S@](C)=O,17.07
799,[4*][C@@H](C)C(C)=O,17.07
800,[4*][C@@H](C)CCC=O,17.07
801,[4*][C@@H](C)[C@@H](C)C=O,17.07
802,[4*][C@H](C)C(C)=O,17.07
803,[4*][C@H](C)[C@@H](C)C=O,17.07
804,[4*][C@H](C)[C@H](C)C=O,17.07
805,[4*][C@H](C=O)CC,17.07
806,[6*]C(=O)C(F)(F)F,17.07
807,[6*]C(C)=O,17.07
808,[7*]=C1CCCCC1=O,17.07
809,[8*]C(C)(C)CC=O,17.07
810,[8*]CC(=O)C(C)C,17.07
811,[8*]CC(=O)[C@@H](C)CC,17.07
812,[8*]CC(=O)[C@H](C)CC,17.07
813,[8*]CC(C)(C)C=O,17.07
814,[8*]CCC=O,17.07
815,[8*]CC[C@@H](C)CC=O,17.07
816,[8*]CC[C@H](C)C=O,17.07
817,[8*]CC[S@](C)=O,17.07
818,[8*]C[C@@H](C=O)CC,17.07
819,[8*]C[C@H](C)CC=O,17.07
820,[8*]C[S@@](=O)CC,17.07
821,[8*]C[S@@](C)=O,17.07
822,[8*]C[S@](=O)c1ccccc1,17.07
823,[8*]C[S@](C)=O,17.07
824,[8*][C@@H](C)C=O,17.07
825,[8*][C@@H](C)CC=O,17.07
826,[8*][C@@H](C)[S@](C)=O,17.07
827,[8*][C@@H](C=O)CC(C)C,17.07
828,[8*][C@@H](C=O)CCC,17.07
829,[8*][C@H](C)C(C)=O,17.07
830,[8*][C@H](C=O)CCC,17.07
831,[8*][C@H](CC=O)C(C)C,17.07
832,[14*]c1c(C)nc2ccccn12,17.3
833,[14*]c1c(Cl)nc2ccccn12,17.3
834,[14*]c1c(Cl)nc2sccn12,17.3
835,[14*]c1cn2c(C)cccc2n1,17.3
836,[14*]c1cn2cc(Cl)cc(Cl)c2n1,17.3
837,[14*]c1cn2cccc(C)c2n1,17.3
838,[14*]c1cn2ccsc2n1,17.3
839,[14*]c1cnc2ccc(Br)cn12,17.3
840,[14*]c1sc2nccn2c1C,17.3
841,[16*]c1cnn2ccccc12,17.3
842,[7*]=Cc1c(C)nc2sc(C)cn12,17.3
843,[7*]=Cc1c(Cl)nc2ccccn12,17.3
844,[5*][NH+]1CCc2ncsc2C1,17.330000000000002
845,[14*]c1c(Cl)c(C)nn1C,17.82
846,[14*]c1cc(Cl)n(C)n1,17.82
847,[14*]c1ccn(C)n1,17.82
848,[14*]c1nc2cc(C)ccc2n1C,17.82
849,[14*]c1nc2ccc(F)cc2n1C,17.82
850,[14*]c1ncc(Cl)n1C,17.82
851,[14*]c1nccn1C,17.82
852,[14*]c1ncn2c1CCCCC2,17.82
853,[14*]c1nn(C)c(C)c1Cl,17.82
854,[14*]c1nn(C)c2c1CCCC2,17.82
855,[15*][C@@H]1CCc2c(cnn2C)C1,17.82
856,[16*]c1cnn(C)c1,17.82
857,[9*]n1cc(Br)c(C)n1,17.82
858,[9*]n1cc(C)cn1,17.82
859,[9*]n1ccc(C)n1,17.82
860,[9*]n1ccnc1,17.82
861,[9*]n1ccnc1C,17.82
862,[9*]n1cnc2cc(F)ccc21,17.82
863,[9*]n1nc(C)c2ccsc21,17.82
864,[9*]n1nc(C)cc1C,17.82
865,[9*]n1ncc(Br)c1C,17.82
866,[9*]n1ncc(Cl)c1C,17.82
867,[9*]n1ncc2c(Cl)cccc21,17.82
868,[9*]n1ncc2ccccc21,17.82
869,[14*]c1cc2occc2n1C,18.07
870,[13*][C@H]1COC(C)(C)O1,18.46
871,[13*][C@H]1COCO1,18.46
872,[14*]c1scc2c1OCCO2,18.46
873,[15*][C@@H]1CCOC2(CCOCC2)C1,18.46
874,[15*][C@@H]1CCO[C@@]2(CCOC2)C1,18.46
875,[15*][C@@H]1CCO[C@]2(CCOC2)C1,18.46
876,[15*][C@H]1CCOC2(CCOCC2)C1,18.46
877,[16*]c1cc(Br)c2c(c1)OCCCO2,18.46
878,[16*]c1cc(Cl)c2c(c1)OCCCO2,18.46
879,[16*]c1cc(Cl)c2c(c1)OCCO2,18.46
880,[16*]c1cc2c(cc1C)OCO2,18.46
881,[16*]c1cc2c(cc1Cl)OCCCO2,18.46
882,[16*]c1ccc2c(c1)OC(F)(F)O2,18.46
883,[16*]c1ccc2c(c1)OC1(CCCC1)O2,18.46
884,[16*]c1ccc2c(c1)OC1(CCCCC1)O2,18.46
885,[16*]c1cccc2c1OCCO2,18.46
886,[16*]c1cccc2c1OCO2,18.46
887,[14*]c1cn2c(C)cccc2[nH+]1,18.55
888,[5*]N1CC=C(c2c[nH]c3ccccc23)CC1,19.03
889,[5*]N1CCc2[nH]c3ccc(Cl)cc3c2C1,19.03
890,[5*]N1CCc2[nH]c3ccccc3c2C1,19.03
891,[5*]N1CCc2c([nH]c3ccccc23)[C@@H]1c1ccccc1,19.03
892,[14*]c1[nH+]ccn1C,19.07
893,[14*]c1c[nH+]cn1C,19.07
894,[14*]c1cc[nH+]n1C,19.07
895,[15*][C@@H]1CCc2[nH+]c(C)cn2C1,19.07
896,[9*]n1cc[nH+]c1,19.07
897,[9*]n1ccc2cc[nH+]cc21,19.07
898,[5*]N1CC[C@@H]2CC[C@H](C1)[NH2+]2,19.85
899,[5*]N1CC[C@H]2[NH2+]CCC[C@@H]2C1,19.85
900,[5*]N1CC[NH2+]C[C@@H]1C,19.85
901,[5*]N1CC[NH2+]C[C@H]1C,19.85
902,[5*]N1CC[NH2+]Cc2ccccc21,19.85
903,[5*]N1CC[NH2+][C@H](C)C1,19.85
904,[14*]c1ccc(C#CC(C)(C)O)s1,20.23
905,[15*]C1(O)CCC(C)CC1,20.23
906,[15*]C1(O)CCCC1,20.23
907,[15*]C12C[C@@H]3C[C@H](C1)CC(O)(C3)C2,20.23
908,[15*][C@@H]1CCC(C)(C)[C@@H]1O,20.23
909,[15*][C@@H]1CCC(C)(C)[C@H]1O,20.23
910,[15*][C@@H]1CCCC(C)(C)[C@@H]1O,20.23
911,[15*][C@@H]1CCC[C@H]1O,20.23
912,[15*][C@@]1(O)CCc2ccccc2C1,20.23
913,[15*][C@H]1CCC(C)(C)[C@H]1O,20.23
914,[15*][C@H]1CCC[C@@H]1O,20.23
915,[15*][C@H]1CCC[C@H]1O,20.23
916,[15*][C@H]1CC[C@H](O)CC1,20.23
917,[15*][C@]1(O)CCSC1,20.23
918,[16*]c1c(O)cc(Cl)cc1Cl,20.23
919,[16*]c1c(O)cc(F)cc1F,20.23
920,[16*]c1c(O)ccc2c1CCCC2,20.23
921,[16*]c1cc(C)c(Br)cc1O,20.23
922,[16*]c1cc(C)c(O)c(C)c1,20.23
923,[16*]c1cc(C)cc(C)c1O,20.23
924,[16*]c1cc(C)ccc1O,20.23
925,[16*]c1cc(Cl)c(C)cc1O,20.23
926,[16*]c1cc2ccccc2cc1O,20.23
927,[16*]c1ccc(C#CC(C)(C)O)cc1,20.23
928,[16*]c1ccc(C#CCO)cc1,20.23
929,[16*]c1ccc(C)cc1O,20.23
930,[16*]c1ccc(Cl)c(O)c1,20.23
931,[16*]c1ccc(Cl)cc1O,20.23
932,[16*]c1ccc(O)c(F)c1,20.23
933,[16*]c1ccc(O)cc1C,20.23
934,[16*]c1ccc(O)cc1Cl,20.23
935,[16*]c1cccc(O)c1,20.23
936,[16*]c1csc(C#CCCO)c1,20.23
937,[3*]O,20.23
938,[4*]C(C)(C)CO,20.23
939,[4*]C(C)(C)[C@H](C)O,20.23
940,[4*]CC(C)(C)CCO,20.23
941,[4*]CC(C)(C)CO,20.23
942,[4*]CC(C)(C)C[C@H](C)O,20.23
943,[4*]CC(C)(C)O,20.23
944,[4*]CC(C)(C)[C@H](O)C(C)C,20.23
945,[4*]CC(O)(CC)CC,20.23
946,[4*]CCC(C)(C)CO,20.23
947,[4*]CCC(C)(C)O,20.23
948,[4*]CCO,20.23
949,[4*]CC[C@@H](O)C(C)(C)C,20.23
950,[4*]CC[C@@H](O)C(C)C,20.23
951,[4*]CC[C@@H](O)C(F)(F)F,20.23
952,[4*]CC[C@H](C)O,20.23
953,[4*]CC[C@H](O)C(C)(C)C,20.23
954,[4*]C[C@@H](C)C[C@@H](C)O,20.23
955,[4*]C[C@@H](C)O,20.23
956,[4*]C[C@@H](O)C(C)(C)C,20.23
957,[4*]C[C@@H](O)CC,20.23
958,[4*]C[C@@](C)(O)CC,20.23
959,[4*]C[C@@](C)(O)CC(C)C,20.23
960,[4*]C[C@@](C)(O)[C@H](C)CC,20.23
961,[4*]C[C@H](C)CCO,20.23
962,[4*]C[C@H](C)CO,20.23
963,[4*]C[C@H](C)C[C@@H](C)O,20.23
964,[4*]C[C@H](CCO)CC(C)C,20.23
965,[4*]C[C@H](O)CC,20.23
966,[4*]C[C@H](O)[C@H](C)CC,20.23
967,[4*]C[C@](C)(O)C(C)C,20.23
968,[4*]C[C@](C)(O)CC,20.23
969,[4*][C@@H](C)[C@@H](C)CO,20.23
970,[4*][C@@H](C)[C@H](C)CO,20.23
971,[4*][C@@H](C)[C@H](C)O,20.23
972,[4*][C@@H](CC)CO,20.23
973,[4*][C@@H](CO)CC(C)C,20.23
974,[4*][C@H](C)[C@@H](C)CO,20.23
975,[4*][C@H](CC)CCO,20.23
976,[4*][C@H](CCO)C(C)C,20.23
977,[4*][C@H](CO)C(C)C,20.23
978,[4*][C@H](CO)CC(C)(C)C,20.23
979,[4*][C@](C)(CC)CO,20.23
980,[7*]=C(CC)CO,20.23
981,[7*]=C(O)c1ccccc1,20.23
982,[7*]=CCO,20.23
983,[7*]=Cc1ccc(O)cc1,20.23
984,[7*]=Cc1ccc(O)cc1Br,20.23
985,[8*]C(C)(C)O,20.23
986,[8*]C(O)C#CC,20.23
987,[8*]C(O)CCC,20.23
988,[8*]CCCCO,20.23
989,[8*]CCO,20.23
990,[8*]C[C@@H](C)O,20.23
991,[8*]C[C@@H](O)C(F)(F)F,20.23
992,[8*]C[C@@H](O)CC,20.23
993,[8*]C[C@@H](O)[C@@H](C)CC,20.23
994,[8*][C@@H](C)O,20.23
995,[8*][C@@H](C)[C@@H](C)O,20.23
996,[8*][C@@H](O)C(C)C,20.23
997,[8*][C@@H](O)C(CC)CC,20.23
998,[8*][C@@H](O)CC,20.23
999,[8*][C@@H](O)CCC,20.23
1000,[8*][C@H](C)[C@@H](C)O,20.23
1001,[8*][C@H](O)C(C)(C)C,20.23
1002,[8*][C@H](O)C(C)C,20.23
1003,[8*][C@H](O)C(F)(F)F,20.23
1004,[10*]N1C(=C)c2ccccc2C1=O,20.310000000000002
1005,[10*]N1C(=O)CC[C@@H]1C,20.310000000000002
1006,[10*]N1CCCCC1=O,20.310000000000002
1007,[10*]N1Cc2ccc(F)cc2C1=O,20.310000000000002
1008,[10*]N1Cc2ccccc2C1=O,20.310000000000002
1009,[13*][C@@H]1CCCC(=O)N1C,20.310000000000002
1010,[13*][C@@H]1CS[C@]2(C)CCC(=O)N12,20.310000000000002
1011,[13*][C@@]1(C)Sc2ccccc2N(CC)C1=O,20.310000000000002
1012,[13*][C@H]1CCCC(=O)N1C,20.310000000000002
1013,[13*][C@H]1CS[C@H]2c3ccccc3C(=O)N12,20.310000000000002
1014,[13*][C@H]1CS[C@]2(C)CCC(=O)N12,20.310000000000002
1015,[16*]c1ccc2c(c1)CC(=O)N2C,20.310000000000002
1016,[16*]c1ccc2c(c1)N(C)C(=O)CS2,20.310000000000002
1017,[5*]N1CCS(=O)CC1,20.310000000000002
1018,[5*]N1CC[C@@H](C=O)c2ccccc21,20.310000000000002
1019,[5*]N1CC[S@@](=O)C(C)(C)C1,20.310000000000002
1020,[7*]=C1SC(=S)N(C)C1=O,20.310000000000002
1021,[8*]CN1C(=O)Cc2ccccc21,20.310000000000002
1022,[9*]n1cc[nH]c1=S,20.72
1023,[1*]C(=O)[C@H](C)[n+]1ccccc1,20.95
1024,[5*][NH+]1CCC2(CC[NH2+]CC2)C1,21.05
1025,[5*]N1CCn2nccc2C1,21.060000000000002
1026,[13*][C@@H]1CNCCCO1,21.259999999999998
1027,[13*][C@@H]1CNCCO1,21.259999999999998
1028,[13*][C@@H]1CNC[C@@H](C)O1,21.259999999999998
1029,[13*][C@@H]1CN[C@@H](C)CO1,21.259999999999998
1030,[13*][C@@H]1CNc2ccccc2O1,21.259999999999998
1031,[13*][C@@H]1CO[C@H](C)CN1,21.259999999999998
1032,[13*][C@H]1C=C(C)ON1,21.259999999999998
1033,[13*][C@H]1CNC(C)(C)CO1,21.259999999999998
1034,[13*][C@H]1CN[C@H](C)CO1,21.259999999999998
1035,[13*][C@H]1CNc2ccccc2O1,21.259999999999998
1036,[13*][C@H]1CO[C@@H](C)CN1,21.259999999999998
1037,[4*]CC1=CCNO1,21.259999999999998
1038,[5*]N[C@H]1CCCOc2c1ccc1ccccc21,21.259999999999998
1039,[5*]N[C@H]1CCCOc2ccccc21,21.259999999999998
1040,[5*]N[C@H]1CCOc2ccccc21,21.259999999999998
1041,[5*][NH+]1CCC(=O)[C@H](C)[C@@H]1C,21.51
1042,[5*][NH+]1CC[S@@](=O)C(C)(C)C1,21.51
1043,[13*][C@@H]1CC(c2ccc(Cl)cc2)=NO1,21.59
1044,[13*][C@@H]1CC(c2cccc(F)c2)=NO1,21.59
1045,[13*][C@H]1CC(c2cc(F)ccc2F)=NO1,21.59
1046,[16*]c1cccc(C2=NOCC2)c1,21.59
1047,[16*]c1ccccc1C1=NOCC1,21.59
1048,[3*]O/N=C/c1ccccc1,21.59
1049,[5*]N1CCC2(CC1)OCCO2,21.700000000000003
1050,[5*]N1CCC2(CC1)OC[C@H](C)O2,21.700000000000003
1051,[5*]N1CCCC[C@@H]1C1OCCO1,21.700000000000003
1052,[5*]N1CCCC[C@H]1C1OCCO1,21.700000000000003
1053,[13*][C@@H]1CN1,21.94
1054,[16*]c1cc(Br)cn(C)c1=O,22.0
1055,[16*]c1cn(C)c2ccccc2c1=O,22.0
1056,[9*]n1c(=O)ccc2ccccc21,22.0
1057,[9*]n1c(=O)sc2ccccc21,22.0
1058,[9*]n1c(C)cc(=O)cc1C,22.0
1059,[9*]n1c(C)cc(C)cc1=O,22.0
1060,[9*]n1c(C)cccc1=O,22.0
1061,[9*]n1c(C)csc1=O,22.0
1062,[9*]n1c2ccccc2c(=O)c2ccccc21,22.0
1063,[9*]n1cc(Br)ccc1=O,22.0
1064,[9*]n1ccc(=O)c2ccccc21,22.0
1065,[9*]n1ccc(C)cc1=O,22.0
1066,[9*]n1ccccc1=O,22.0
1067,[9*]n1sc2ccccc2c1=O,22.0
1068,[5*][NH+]1CCCn2nccc2C1,22.26
1069,[5*][NH+]1CCn2nccc2C1,22.26
1070,[5*]N1CCc2c([nH+]cn2C)C1,22.310000000000002
1071,[5*][NH+]1CCC2(CC1)OCCO2,22.900000000000002
1072,[5*][NH+]1CCCC2(C1)OCCO2,22.900000000000002
1073,[5*]N1CCC(O)CC1,23.47
1074,[5*]N1CCC[C@H](O)C1,23.47
1075,[5*]N1CC[C@]2(O)CCCC[C@@H]2C1,23.47
1076,[5*]N1CCc2ccc(O)cc2C1,23.47
1077,[5*]N1CCN(C=O)CC1,23.55
1078,[11*]SC#N,23.79
1079,[14*]c1cc(C#N)cs1,23.79
1080,[14*]c1ccc(C#N)s1,23.79
1081,[14*]c1sccc1C#N,23.79
1082,[15*]C1(C#N)CCC(C)CC1,23.79
1083,[15*]C1(C#N)CCC1,23.79
1084,[15*][C@@H]1CCCC[C@@H]1C#N,23.79
1085,[15*][C@@H]1CCC[C@@H](C#N)C1,23.79
1086,[15*][C@H]1CCCC[C@@H]1C#N,23.79
1087,[15*][C@H]1CCC[C@H](C#N)C1,23.79
1088,[15*][C@H]1CC[C@H](C#N)CC1,23.79
1089,[15*][C@H]1CCc2c(C#N)csc2C1,23.79
1090,[16*]c1c(C#N)csc1C,23.79
1091,[16*]c1ccc(C#N)cc1C,23.79
1092,[16*]c1ccc(C#N)cc1F,23.79
1093,[16*]c1ccc(Cl)c(C#N)c1,23.79
1094,[16*]c1ccccc1C#N,23.79
1095,[4*]C1(C#N)CCCCCC1,23.79
1096,[4*]CC#N,23.79
1097,[4*]CCCC#N,23.79
1098,[4*]C[C@H](C)C#N,23.79
1099,[4*][C@@H](C#N)C(C)C,23.79
1100,[4*][C@@H](C#N)CC,23.79
1101,[4*][C@@H](C)C#N,23.79
1102,[4*][C@@H](C)CC#N,23.79
1103,[4*][C@@H](CC)CC#N,23.79
1104,[4*][C@@]1(C#N)CCSC1,23.79
1105,[4*][C@H](C#N)C(C)(C)C,23.79
1106,[4*][C@H](C#N)CC,23.79
1107,[4*][C@H](C)CC#N,23.79
1108,[4*][C@H](CC)CC#N,23.79
1109,[4*][C@](C)(C#N)CC,23.79
1110,[7*]=C(C#N)c1ccccc1,23.79
1111,[7*]=Cc1ccc(C#N)cc1,23.79
1112,[8*]C[C@@H](C)C#N,23.79
1113,[7*]=C1CCNN1,24.06
1114,[5*]NC1=CC2=CC=N[C@@H]2C=C1,24.39
1115,[5*]N1CCOC12CCNCC2,24.5
1116,[5*]NC(=S)N1CCOCC1,24.5
1117,[5*][NH+]1CCC(O)CC1,24.67
1118,[5*][NH+]1CC[C@H](C)[C@@H](O)C1,24.67
1119,[5*][NH+]1CC[C@H](C)[C@H](O)C1,24.67
1120,[5*][NH+]1[C@H]2CC[C@@H]1CC(O)C2,24.67
1121,[13*][C@H]1C=C(C2CC2)N=N1,24.72
1122,[13*][C@H]1C=C(c2ccccc2)N=N1,24.72
1123,[16*]c1ccc(/N=N/c2ccccc2)cc1,24.72
1124,[16*]c1cccc(C2=CCN=N2)c1,24.72
1125,[10*]N1C[C@H]2CC[NH+]3CCC[C@]23C1=O,24.75
1126,[14*]c1nc2c(s1)CNC2,24.92
1127,[16*]c1c(C)ncc2c1CCNC2,24.92
1128,[5*]N[C@H]1CC(C)(C)Cc2oc(C)cc21,25.17
1129,[10*]N1C(=O)c2cc3ccccc3n2C[C@@H]1C,25.240000000000002
1130,[10*]N1C(=O)c2cc3ccccc3n2C[C@H]1C,25.240000000000002
1131,[10*]N1C(=O)c2cc3sccc3n2C[C@H]1C,25.240000000000002
1132,[5*]N1CCc2cccc(=O)n2CC1,25.240000000000002
1133,[5*]N1C[C@@H]2C[C@H](C1)Cn1c2cccc1=O,25.240000000000002
1134,[5*]N1C[C@@H]2C[C@H](C1)c1cccc(=O)n1C2,25.240000000000002
1135,[14*]c1cc(C)nc(Cl)n1,25.78
1136,[14*]c1cc(C)ncn1,25.78
1137,[14*]c1cc2cncnc2s1,25.78
1138,[14*]c1ccc(Cl)nn1,25.78
1139,[14*]c1nc(C)c2c(C)csc2n1,25.78
1140,[14*]c1nc(C)c2c(n1)CCCC2,25.78
1141,[14*]c1nc(C)c2cc(C)c(C)cc2n1,25.78
1142,[14*]c1nc(C)c2ccccc2n1,25.78
1143,[14*]c1nc(C)cc(C)n1,25.78
1144,[14*]c1nc(C)cnc1C,25.78
1145,[14*]c1nc(C)nc2sc(C)c(C)c12,25.78
1146,[14*]c1nc(C)nc2scc(C)c12,25.78
1147,[14*]c1nc(C)ncc1Cl,25.78
1148,[14*]c1nc(C)ns1,25.78
1149,[14*]c1nc(Cl)ncc1Cl,25.78
1150,[14*]c1nc2ccc3ncsc3c2s1,25.78
1151,[14*]c1nc2ccccc2nc1C,25.78
1152,[14*]c1nc2ccccc2nc1Cl,25.78
1153,[14*]c1nc2cccnc2s1,25.78
1154,[14*]c1ncc(C)c(Cl)n1,25.78
1155,[14*]c1ncc(F)cn1,25.78
1156,[14*]c1ncc2c(C)c(C)sc2n1,25.78
1157,[14*]c1ncc2c(n1)CCCC2,25.78
1158,[14*]c1ncc2c3c(sc2n1)CCC3,25.78
1159,[14*]c1ncc2c3c(sc2n1)CCCC3,25.78
1160,[14*]c1ncc2ccccc2n1,25.78
1161,[14*]c1nccc(C)n1,25.78
1162,[14*]c1nccnc1C,25.78
1163,[14*]c1ncnc2c1CCCCC2,25.78
1164,[14*]c1ncnc2cc(F)c(F)cc12,25.78
1165,[14*]c1ncnc2ccc(C)cc12,25.78
1166,[14*]c1ncnc2sc(C)cc12,25.78
1167,[14*]c1ncnc2sc3c(c12)CCC3,25.78
1168,[14*]c1ncnc2sc3c(c12)CC[C@H](C)C3,25.78
1169,[14*]c1ncnc2sccc12,25.78
1170,[14*]c1ncncc1Br,25.78
1171,[14*]c1ncncc1I,25.78
1172,[14*]c1nnc(C)s1,25.78
1173,[14*]c1sc2nc(C)ncc2c1C,25.78
1174,[14*]c1sc2ncncc2c1C,25.78
1175,[16*]c1c(C)ncnc1C,25.78
1176,[16*]c1ccc2ncnc(C)c2c1,25.78
1177,[16*]c1ccc2ncncc2c1,25.78
1178,[16*]c1cccc2nsnc12,25.78
1179,[16*]c1cnnc(Cl)c1,25.78
1180,[16*]c1cnnc2ccccc12,25.78
1181,[16*]c1csc2ncncc12,25.78
1182,[7*]=Cc1cncnc1,25.78
1183,[15*]C1CCC2(CC1)C[NH2+]Cc1ccccc1O2,25.84
1184,[5*][NH2+][C@H]1CCCOc2ccccc21,25.84
1185,[5*][NH2+][C@H]1CCOc2ccccc21,25.84
1186,[5*][NH2+][C@H]1COc2ccccc21,25.84
1187,[11*]S/C(NC)=[NH+]/C,26.0
1188,[5*]NC1=[NH+]CCS1,26.0
1189,[14*]c1sccc1N,26.02
1190,[15*]C1(N)CCCC1,26.02
1191,[15*]C1(N)CCCCC1,26.02
1192,[15*][C@@H]1CC[C@H](N)C1,26.02
1193,[16*]c1c(C)cc(Br)cc1N,26.02
1194,[16*]c1c(C)cc(N)cc1C,26.02
1195,[16*]c1cc(Cl)c(N)c(Cl)c1,26.02
1196,[16*]c1cc(Cl)cc(Cl)c1N,26.02
1197,[16*]c1cc(N)ccc1C,26.02
1198,[16*]c1cc(N)ccc1Cl,26.02
1199,[16*]c1cc(N)ccc1F,26.02
1200,[16*]c1ccc(Br)cc1N,26.02
1201,[16*]c1ccc(N)cc1Br,26.02
1202,[16*]c1ccc(N)cc1C,26.02
1203,[16*]c1ccc2c(c1)CCC[C@@H]2N,26.02
1204,[16*]c1ccc2c(c1)[C@@H](N)CC2,26.02
1205,[16*]c1ccc2c(c1)[C@H](N)CC2,26.02
1206,[16*]c1cccc(C)c1N,26.02
1207,[16*]c1cccc(N)c1,26.02
1208,[16*]c1cccc(N)c1C,26.02
1209,[4*]C(C)(C)CN,26.02
1210,[4*]CC(N)=S,26.02
1211,[4*]CCC(N)=S,26.02
1212,[4*]C[C@@H](C)C(N)=S,26.02
1213,[4*][C@](C)(CC)CN,26.02
1214,[7*]=C(C)N,26.02
1215,[8*]CC(N)=S,26.02
1216,[8*]CCN,26.02
1217,[8*]C[C@@H](N)C(C)C,26.02
1218,[8*][C@@H](C)N,26.02
1219,[8*][C@@H](N)C(C)C,26.02
1220,[8*][C@H](N)CC,26.02
1221,[14*]c1cc(C)no1,26.03
1222,[14*]c1ccon1,26.03
1223,[14*]c1cnc(C)o1,26.03
1224,[14*]c1cocn1,26.03
1225,[14*]c1nc2cc(Cl)ccc2o1,26.03
1226,[14*]c1noc2c1CCCCC2,26.03
1227,[14*]c1onc(C)c1C,26.03
1228,[16*]c1conc1C,26.03
1229,[7*]=Cc1cc(C)no1,26.03
1230,[1*]C(=O)C1=C(C)OCCS1,26.3
1231,[1*]C(=O)C1=CCCCO1,26.3
1232,[1*]C(=O)C1=Cc2ccccc2OC1,26.3
1233,[1*]C(=O)[C@H]1CCOc2ccccc21,26.3
1234,[1*]C(=O)[C@H]1COc2ccccc21,26.3
1235,[13*][C@@H]1CCC(=O)O1,26.3
1236,[13*][C@@H]1Cc2ccccc2C(=O)O1,26.3
1237,[13*][C@H]1CCC(=O)O1,26.3
1238,[13*][C@]1(C)Cc2ccccc2C(=O)O1,26.3
1239,[15*][C@@H]1COC(=O)C1,26.3
1240,[15*][C@@H]1C[C@@H](C)OC1=O,26.3
1241,[15*][C@H]1C[C@@H](C)OC1=O,26.3
1242,[15*][C@H]1C[C@H](C)OC1=O,26.3
1243,[16*]c1ccc2c(c1)C(=O)CCO2,26.3
1244,[16*]c1ccc2c(c1)CCOC2=O,26.3
1245,[16*]c1ccc2c(c1)OC(=O)C[C@H]2C,26.3
1246,[16*]c1cccc2c1OCC(C=O)=C2,26.3
1247,[16*]c1ccc2c(c1)n(C)c(=O)n2C,26.93
1248,[9*]n1c(=O)cc(C)n1C,26.93
1249,[14*]c1cccc[n+]1[O-],26.939999999999998
1250,[16*]c1ccc[n+]([O-])c1,26.939999999999998
1251,[14*]c1cc[nH+]c(C)n1,27.03
1252,[14*]c1ccnc(C)[nH+]1,27.03
1253,[14*]c1nc(C)[nH+]c(C)c1C,27.03
1254,[14*]c1nc[nH+]cc1C,27.03
1255,[14*]c1ncc2ccccc2[nH+]1,27.03
1256,[14*]c1nccc(C)[nH+]1,27.03
1257,[14*]c1nccc[nH+]1,27.03
1258,[9*]n1ncc2c1-c1ccccc1OC2,27.05
1259,[5*]NC(=S)N1CCNCC1,27.299999999999997
1260,[5*][NH+]1CCC2(CC[C@H]2[O-])CC1,27.5
1261,[15*]C1([NH3+])CCC1,27.64
1262,[15*]C1CCC([NH3+])CC1,27.64
1263,[15*][C@@H]1C=C[C@@H]([NH3+])C1,27.64
1264,[15*][C@@H]1CCC(C)(C)[C@@H]1[NH3+],27.64
1265,[15*][C@@H]1CCCC(C)(C)[C@@H]1[NH3+],27.64
1266,[15*][C@@H]1CCCCC[C@H]1[NH3+],27.64
1267,[15*][C@@H]1CCCC[C@@H]1[NH3+],27.64
1268,[15*][C@@H]1CCC[C@@H]([NH3+])C1,27.64
1269,[15*][C@@H]1CC[C@@H]([NH3+])C1,27.64
1270,[15*][C@@H]1Cc2ccccc2[C@@H]1[NH3+],27.64
1271,[15*][C@H]1CCCC(C)(C)[C@@H]1[NH3+],27.64
1272,[15*][C@H]1CCCC[C@H]1[NH3+],27.64
1273,[15*][C@H]1CCC[C@H]1[NH3+],27.64
1274,[15*][C@H]1CC[C@@H]([NH3+])C1,27.64
1275,[15*][C@H]1CC[C@H]([NH3+])C1,27.64
1276,[15*][C@H]1Cc2ccccc2[C@@H]1[NH3+],27.64
1277,[16*]c1cc(F)cc(C#CC[NH3+])c1,27.64
1278,[16*]c1ccc2c(c1)[C@@H]([NH3+])CC2,27.64
1279,[16*]c1ccc2c(c1)[C@H]([NH3+])CC2,27.64
1280,[4*]CC([NH3+])(CC)CC,27.64
1281,[4*]CC[C@@H](C)[NH3+],27.64
1282,[4*]C[C@@H]([NH3+])CC,27.64
1283,[4*]C[C@@](C)([NH3+])CC,27.64
1284,[4*]C[C@H](C)[NH3+],27.64
1285,[4*]C[C@H]([NH3+])CC,27.64
1286,[4*][C@@H](C)C[NH3+],27.64
1287,[4*][C@@H](CC)C[NH3+],27.64
1288,[4*][C@H](C)CCC[NH3+],27.64
1289,[4*][C@H](CC)CC[NH3+],27.64
1290,[7*]=C(CC)C[NH3+],27.64
1291,[8*]C(C)(C)[NH3+],27.64
1292,[8*]CC(C)[NH3+],27.64
1293,[8*]CCCC[NH3+],27.64
1294,[8*]CC[C@H](C)[NH3+],27.64
1295,[8*]CC[C@H]([NH3+])CC,27.64
1296,[8*]CC[NH3+],27.64
1297,[8*]C[C@H]([NH3+])C(C)C,27.64
1298,[8*]C[NH3+],27.64
1299,[8*][C@@H](C)C[NH3+],27.64
1300,[8*][C@@H](C[NH3+])CC(C)C,27.64
1301,[8*][C@@H](C[NH3+])CCC,27.64
1302,[8*][C@@H]([NH3+])C(C)C,27.64
1303,[8*][C@@H]([NH3+])C(CC)CC,27.64
1304,[8*][C@@H]([NH3+])CCC,27.64
1305,[8*][C@@](C)([NH3+])CC,27.64
1306,[8*][C@H](C)C[NH3+],27.64
1307,[8*][C@H](C[NH3+])CC(C)C,27.64
1308,[8*][C@H]([NH3+])CC,27.64
1309,[8*][C@H]([NH3+])[C@H](C)CC,27.64
1310,[13*]C1[NH+]=c2ccccc2=[NH+]1,27.94
1311,[16*]c1ccc2c(c1)=[NH+]C[NH+]=2,27.94
1312,[5*]N1CCNc2ncccc21,28.16
1313,[14*]c1[nH]nc(C)c1Cl,28.68
1314,[14*]c1[nH]nc2c1CCCC2,28.68
1315,[14*]c1c[nH]cn1,28.68
1316,[14*]c1cc2ncccc2[nH]1,28.68
1317,[14*]c1ccc2[nH]ccc2n1,28.68
1318,[14*]c1cnc(C)[nH]1,28.68
1319,[14*]c1cnc[nH]1,28.68
1320,[14*]c1n[nH]c2c(Cl)cccc12,28.68
1321,[14*]c1n[nH]c2c1CCc1ccccc1-2,28.68
1322,[14*]c1n[nH]c2ccccc12,28.68
1323,[14*]c1n[nH]cc1Br,28.68
1324,[14*]c1nc2cc(C)c(C)cc2[nH]1,28.68
1325,[14*]c1nc2cc(Cl)c(Cl)cc2[nH]1,28.68
1326,[14*]c1nc2ccc(C)c(C)c2[nH]1,28.68
1327,[14*]c1nc2ccc(Cl)cc2[nH]1,28.68
1328,[14*]c1nc2cccc(Cl)c2[nH]1,28.68
1329,[14*]c1ncc(C)[nH]1,28.68
1330,[15*][C@@H]1CCc2[nH]ncc2C1,28.68
1331,[15*][C@H]1CCc2[nH]ncc2C1,28.68
1332,[15*][C@H]1CCc2n[nH]cc2C1,28.68
1333,[16*]c1c(C)n[nH]c1C,28.68
1334,[16*]c1c[nH]c2nccc(Cl)c12,28.68
1335,[16*]c1ccc2c(c1)-c1[nH]ncc1C2,28.68
1336,[16*]c1ccc2cn[nH]c2c1,28.68
1337,[16*]c1ccc2n[nH]cc2c1,28.68
1338,[16*]c1cccc2[nH]ncc12,28.68
1339,[16*]c1cccc2cn[nH]c12,28.68
1340,[16*]c1cn[nH]c1Cl,28.68
1341,[16*]c1cnc2[nH]ccc2c1,28.68
1342,[7*]=Cc1ccn[nH]1,28.68
1343,[14*]c1cc2occc2[nH]1,28.93
1344,[5*]N1CCc2ncncc2C1,29.020000000000003
1345,[1*]C(=O)C[C@@H]1NC=Cc2ccccc21,29.1
1346,[1*]C(=O)C[C@H]1NCCc2ccccc21,29.1
1347,[13*][C@@H]1CCCC(=O)N1,29.1
1348,[13*][C@@H]1CSC(=O)N1,29.1
1349,[13*][C@@H]1CSCC(=O)N1,29.1
1350,[13*][C@@H]1NC(=O)CS1,29.1
1351,[13*][C@@H]1SCCNC1=O,29.1
1352,[13*][C@@H]1Sc2ccc(Cl)cc2NC1=O,29.1
1353,[13*][C@@H]1Sc2ccccc2NC1=O,29.1
1354,[13*][C@@]1(C)CCC(=O)N1,29.1
1355,[13*][C@@]1(C)Sc2ccccc2NC1=O,29.1
1356,[13*][C@H]1CC(=O)N1,29.1
1357,[13*][C@H]1NC(=O)CS1,29.1
1358,[13*][C@H]1SC(=S)NC1=O,29.1
1359,[13*][C@H]1SCCNC1=O,29.1
1360,[13*][C@]1(C)Sc2ccccc2NC1=O,29.1
1361,[15*][C@@H]1CCCNC1=O,29.1
1362,[15*][C@@H]1C[C@@H](C)NC1=O,29.1
1363,[15*][C@H]1CCCCNC1=O,29.1
1364,[15*][C@H]1C[C@@H](C)NC1=O,29.1
1365,[15*][C@H]1Cc2ccccc2NC1=O,29.1
1366,[16*]c1ccc2c(c1)CCC(=O)N2,29.1
1367,[16*]c1ccc2c(c1)CCCC(=O)N2,29.1
1368,[16*]c1ccc2c(c1)NC(=O)CS2,29.1
1369,[16*]c1cccc2c1C(=O)NC2,29.1
1370,[16*]c1cccc2c1NC(=O)C2,29.1
1371,[4*]C[C@@H]1CC(=O)Nc2ccccc21,29.1
1372,[5*]N/C=C/C=O,29.1
1373,[5*]NC=O,29.1
1374,[7*]=C1C(=O)Nc2ccc(Br)cc21,29.1
1375,[7*]=C1CNCCC1=O,29.1
1376,[7*]=C1SC(=O)NC1=S,29.1
1377,[5*]N/C(=[NH+]/C)N1CCC[C@@H](C)C1,29.240000000000002
1378,[5*]N/C(=[NH+]/CC)N1CCCC1,29.240000000000002
1379,[15*]C1CCN(C(N)=S)CC1,29.259999999999998
1380,[5*]N1CCc2oncc2C1,29.270000000000003
1381,[15*][C@H]1CC(=O)C2=C(C1)N=C(C)CC2,29.43
1382,[13*][C@@H]1OCC[C@@H]1O,29.46
1383,[13*][C@H]1OCC[C@@H]1O,29.46
1384,[14*]c1nc2c(s1)C[NH2+]CC2,29.5
1385,[10*]N1CCCOC1=O,29.54
1386,[5*]N1CCOC(=O)C1,29.54
1387,[10*]N1C[C@@]23C=C[C@@H](C[C@H]2C1=O)O3,29.540000000000003
1388,[10*]N1C[C@]23C=C[C@H](C[C@@H]2C1=O)O3,29.540000000000003
1389,[13*][C@@H]1CN(C)C(=O)CO1,29.540000000000003
1390,[16*]c1ccc2c(c1)C(=O)N(C)c1cc(C)ccc1O2,29.540000000000003
1391,[16*]c1ccc2c(c1)N(CC(C)C)C(=O)C(C)(C)CO2,29.540000000000003
1392,[16*]c1ccc2c(c1)N(CC=C)C(=O)C(C)(C)CO2,29.540000000000003
1393,[4*]CCCN1C(=O)COc2ccccc21,29.540000000000003
1394,[14*]c1cc2n(n1)CCCNC2,29.85
1395,[14*]c1cnc2n1CCNC2,29.85
1396,[14*]c1nn2c(c1Cl)NCC[C@@H]2C(F)(F)F,29.85
1397,[16*]c1cnn2c1NCC[C@H]2C(F)(F)F,29.85
1398,[9*]n1ncc2c1CCNC2,29.85
1399,[14*]c1[nH+]c[nH]c1C,29.93
1400,[14*]c1[nH]c2cc(C)ccc2[nH+]1,29.93
1401,[14*]c1[nH]c2ccccc2[nH+]1,29.93
1402,[14*]c1[nH]cc(C)[nH+]1,29.93
1403,[14*]c1nc2c(s1)CCC[C@H]2C=O,29.96
1404,[14*]c1ncsc1C=O,29.96
1405,[16*]c1ccc(C=O)nc1,29.96
1406,[14*]c1cc2nc(C)cc(C)n2n1,30.19
1407,[14*]c1ccn2nc(C)c(C)c2n1,30.19
1408,[14*]c1cn2ccncc2n1,30.19
1409,[14*]c1cn2ncccc2n1,30.19
1410,[14*]c1cnc2ncccn12,30.19
1411,[14*]c1nc2cc(C)ccn2n1,30.19
1412,[14*]c1nc2ccc(Br)cn2n1,30.19
1413,[14*]c1nc2cccc(C)n2n1,30.19
1414,[14*]c1nc2ccccn2n1,30.19
1415,[14*]c1nn2cccnc2c1Cl,30.19
1416,[14*]c1nnc2cc(C)ccn12,30.19
1417,[16*]c1c(C)nc2c3ccccc3nn2c1C,30.19
1418,[16*]c1c(C)nc2ccnn2c1C,30.19
1419,[16*]c1c(C)nn2c(C)cc(C)nc12,30.19
1420,[16*]c1cc(Cl)c2nncn2c1,30.19
1421,[16*]c1cnc2ccnn2c1C,30.19
1422,[16*]c1cnn2ccc(C)nc12,30.19
1423,[16*]c1cnn2cccnc12,30.19
1424,[14*]c1cc(=O)cco1,30.21
1425,[14*]c1ccc(C=O)o1,30.21
1426,[14*]c1oc2c(c1C)C(=O)CC(C)(C)C2,30.21
1427,[14*]c1oc2ccccc2c(=O)c1C,30.21
1428,[16*]c1c(C)cc(=O)oc1C,30.21
1429,[16*]c1cc(=O)oc2c(C)cccc12,30.21
1430,[16*]c1cc(=O)oc2cc(C)ccc12,30.21
1431,[16*]c1cc(=O)oc2ccc3ccccc3c12,30.21
1432,[16*]c1cc2ccccc2oc1=O,30.21
1433,[16*]c1cc2oc(=O)ccc2cc1Cl,30.21
1434,[16*]c1ccc2ccc(=O)oc2c1,30.21
1435,[16*]c1ccc2occc(=O)c2c1,30.21
1436,[16*]c1coc2ccc(Cl)cc2c1=O,30.21
1437,[16*]c1coccc1=O,30.21
1438,[14*]c1ncc2c(n1)CC[NH+](C)C2,30.220000000000002
1439,[5*][NH+]1CCc2ncncc2C1,30.220000000000002
1440,[5*][NH+]1CCc2oncc2C1,30.470000000000002
1441,[14*]c1cnnn1C,30.71
1442,[14*]c1nc2cccnc2n1C,30.71
1443,[14*]c1ncn(C)n1,30.71
1444,[14*]c1nn(C)c2nc(C)cc(C)c12,30.71
1445,[14*]c1nnc(C)n1C,30.71
1446,[14*]c1nnc2n1CCC2,30.71
1447,[15*][C@@H]1CCc2nc(C)nn2C1,30.71
1448,[15*][C@H]1CCc2nc(C)nn2C1,30.71
1449,[16*]c1cnc2c(c1)c(C)nn2C,30.71
1450,[9*]n1c(C)c(C)c2cncnc21,30.71
1451,[9*]n1c(C)nc2cnccc21,30.71
1452,[9*]n1cnc2c(C)ccnc21,30.71
1453,[9*]n1cnc2cc(C)cnc21,30.71
1454,[9*]n1cnnc1C,30.71
1455,[9*]n1nc2ccc(C)cc2n1,30.71
1456,[9*]n1nc2ccccc2n1,30.71
1457,[5*][NH+]1CCOC(=O)C1,30.740000000000002
1458,[5*]N1CCC([NH3+])CC1,30.880000000000003
1459,[5*]N1CCC[C@H]([NH3+])C1,30.880000000000003
1460,[5*]N1CC[C@H]([NH3+])[C@@H](C)C1,30.880000000000003
1461,[5*]N1C[C@@H](C)C[C@H]([NH3+])C1,30.880000000000003
1462,[5*]N1C[C@@H]([NH3+])C[C@@H](C)C1,30.880000000000003
1463,[9*]n1ncoc1=S,30.96
1464,[16*]c1ccc2c(c1)=CCC(=O)[NH+]=2,31.04
1465,[4*]CC(=O)C1=c2ccccc2=[NH+]C1,31.04
1466,[8*]CC(=O)C1=c2ccccc2=[NH+]C1,31.04
1467,[14*]c1nc2cc3c(cc2s1)OCCO3,31.35
1468,[5*]NC(=S)N1CC[NH2+]CC1,31.88
1469,[5*]N1CCc2n[nH]cc2C1,31.92
1470,[5*]N1Cc2c[nH]nc2C1,31.92
1471,[13*][C@@H]1C[C@H](O)CN1,32.26
1472,[13*][C@H]1C[C@@H](O)CN1,32.26
1473,[15*][C@@H]1CCNC[C@H]1O,32.26
1474,[15*][C@H]1CCNC[C@H]1O,32.26
1475,[15*][C@]1(O)CCCNC1,32.26
1476,[5*]N[C@@H]1CCc2c(O)cccc21,32.26
1477,[5*]N[C@@H]1c2ccccc2C[C@H]1O,32.26
1478,[5*]N[C@H]1c2ccccc2C[C@H]1O,32.26
1479,[10*]N1C(=O)CSC12CCNCC2,32.34
1480,[10*]N1C(=O)[C@H]2CC[C@@H]1CNC2,32.34
1481,[10*]N1CCCNCC1=O,32.34
1482,[10*]N1CCNCCC1=O,32.34
1483,[10*]N1CCN[C@@H](C)C1=O,32.34
1484,[10*]N1C[C@]2(CCCNC2)CCC1=O,32.34
1485,[13*][C@H]1Nc2ccccc2C(=O)N1C,32.34
1486,[5*]N1CC(=O)NC[C@H]1C,32.34
1487,[5*]N1CC(=O)Nc2ccccc21,32.34
1488,[5*]N1CCC(=O)Nc2cc(F)ccc21,32.34
1489,[5*]N1CCC2(CCC(=O)N2)CC1,32.34
1490,[5*]N1CCC2(CCC(=O)NC2)CC1,32.34
1491,[5*]N1CCCNC(=O)C1,32.34
1492,[5*]N1CCNC(=O)C1(C)C,32.34
1493,[5*]N1CCNC(=O)[C@@H]1C,32.34
1494,[5*]N1CC[C@@]2(CCCNC2=O)C1,32.34
1495,[5*]N1C[C@@H](C)C(=O)Nc2ccccc21,32.34
1496,[6*]C(=O)NN1Cc2ccccc2C1,32.34
1497,[16*]c1cccc(/C=N/O)c1,32.59
1498,[16*]c1ccccc1/C=N/O,32.59
1499,[1*]C(=O)C1=NN(c2ccccc2)CC1,32.67
1500,[10*]N1C(=O)CCS/C1=N\c1ccc(F)cc1,32.67
1501,[10*]N1C(=O)CN=C1S,32.67
1502,[10*]N1C(=O)CS/C1=N/CC,32.67
1503,[13*][C@H]1CC(c2ccccc2)=NN1C(C)=O,32.67
1504,[13*][C@H]1CC(c2ccccc2)=NN1C=O,32.67
1505,[13*][C@H]1SC(N2CCCCC2)=NC1=O,32.67
1506,[16*]c1ccc(C2=NN(C=O)CC2)cc1,32.67
1507,[4*]CC(=O)N1CCC(c2cccs2)=N1,32.67
1508,[7*]=C1CCC[C@H]2CN(C(C)=O)N=C12,32.67
1509,[5*]N1CCOc2c(O)cccc2C1,32.7
1510,[14*]c1cc(=O)c2cc(C)ccc2[nH]1,32.86
1511,[14*]c1cc(=O)c2ccccc2[nH]1,32.86
1512,[14*]c1cc(=O)cc[nH]1,32.86
1513,[14*]c1cc2ccccc2c(=O)[nH]1,32.86
1514,[14*]c1ccc(C=O)[nH]1,32.86
1515,[14*]c1cccc(=O)[nH]1,32.86
1516,[14*]c1csc(=O)[nH]1,32.86
1517,[16*]c1c[nH]c(=O)c2ccccc12,32.86
1518,[16*]c1c[nH]c2c(C)cccc2c1=O,32.86
1519,[16*]c1c[nH]c2ccc(F)cc2c1=O,32.86
1520,[16*]c1cc(=O)[nH]c2ccccc12,32.86
1521,[16*]c1cc2[nH]ccc(=O)c2cc1F,32.86
1522,[16*]c1cc2cc(C)c(C)cc2[nH]c1=O,32.86
1523,[16*]c1cc2ccccc2[nH]c1=O,32.86
1524,[16*]c1ccc(C)[nH]c1=O,32.86
1525,[16*]c1ccc2[nH]ccc(=O)c2c1,32.86
1526,[16*]c1ccc[nH]c1=O,32.86
1527,[16*]c1cccc2c(=O)[nH]ccc12,32.86
1528,[15*]C1(C#N)CCOCC1,33.019999999999996
1529,[15*][C@]1(C#N)CCOC1,33.019999999999996
1530,[14*]c1ncccc1O,33.120000000000005
1531,[16*]c1cccnc1O,33.120000000000005
1532,[16*]c1ccncc1C#CCO,33.120000000000005
1533,[13*][C@H]1COC2(CCNCC2)N1,33.29
1534,[13*][C@H]1C[C@H]2CNC(=O)[C@]23CCC[NH+]13,33.54
1535,[5*][NH+]1CCC2(CCC(=O)NC2)CC1,33.54
1536,[5*][NH+]1CCC[C@]2(CCC(=O)NC2)C1,33.54
1537,[5*][NH+]1CCNC(=O)C1,33.54
1538,[5*][NH+]1CCNC(=O)CC1,33.54
1539,[5*][NH+]1CC[C@@H]2NC(=O)CC[C@@H]2C1,33.54
1540,[5*][NH+]1CC[C@]2(CCCNC2=O)C1,33.54
1541,[5*][NH+]1C[C@@H]2CC[C@H](C1)NC2=O,33.54
1542,[9*]n1c(=S)[nH]c2cc(Br)cnc21,33.61
1543,[9*]n1c(=S)[nH]c2cc(C)cnc21,33.61
1544,[9*]n1c(C)n[nH]c1=S,33.61
1545,[5*][NH+]1CCN(C(N)=S)CC1,33.7
1546,[5*][NH+]1CCOc2c(O)cccc2C1,33.900000000000006
1547,[5*]N1CCn2cnnc21,33.95
1548,[16*]c1ccc(=O)n2c1CCNCC2,34.03
1549,[6*]C(=O)Nn1c(C)ccc1C,34.03
1550,[1*]C(=O)C(C)=O,34.14
1551,[1*]C(=O)C=O,34.14
1552,[1*]C(=O)CC(C)=O,34.14
1553,[1*]C(=O)CC=O,34.14
1554,[1*]C(=O)CCCC=O,34.14
1555,[1*]C(=O)CC[S@](C)=O,34.14
1556,[1*]C(=O)C[C@H](C)C=O,34.14
1557,[1*]C(=O)[C@H](C)[S@@](C)=O,34.14
1558,[1*]C(=O)[C@H](C)[S@](C)=O,34.14
1559,[12*]S(=O)(=O)C(C)(C)C,34.14
1560,[12*]S(=O)(=O)CC(C)C,34.14
1561,[12*]S(=O)(=O)CCC(C)(C)C,34.14
1562,[12*]S(=O)(=O)C[C@@H](C)CCl,34.14
1563,[12*]S(=O)(=O)C[C@H](C)CCl,34.14
1564,[12*]S(=O)(=O)c1c(C)c(C)c(C)c(C)c1C,34.14
1565,[12*]S(=O)(=O)c1cc(Br)ccc1F,34.14
1566,[12*]S(=O)(=O)c1cc(C)c(Br)s1,34.14
1567,[12*]S(=O)(=O)c1cc(C)c(Cl)cc1C,34.14
1568,[12*]S(=O)(=O)c1cc(C)cc(C)c1,34.14
1569,[12*]S(=O)(=O)c1cc(C)cs1,34.14
1570,[12*]S(=O)(=O)c1cc(Cl)ccc1C,34.14
1571,[12*]S(=O)(=O)c1cc(Cl)ccc1Cl,34.14
1572,[12*]S(=O)(=O)c1cc(Cl)sc1Cl,34.14
1573,[12*]S(=O)(=O)c1ccc(C)cc1C,34.14
1574,[12*]S(=O)(=O)c1ccc(I)cc1,34.14
1575,[12*]S(=O)(=O)c1cccc(Br)c1,34.14
1576,[12*]S(=O)(=O)c1cccc(C)c1C,34.14
1577,[12*]S(=O)(=O)c1cccc(Cl)c1F,34.14
1578,[12*]S(=O)(=O)c1ccccc1Br,34.14
1579,[12*]S(=O)(=O)c1ccccc1Cl,34.14
1580,[12*]S(=O)(=O)c1cccs1,34.14
1581,[12*]S(=O)(=O)c1ccsc1C,34.14
1582,[12*]S(=O)(=O)c1sccc1Br,34.14
1583,[14*]c1cc([SH](=O)=O)c(C)s1,34.14
1584,[14*]c1ccc([SH](=O)=O)s1,34.14
1585,[14*]c1sccc1[SH](=O)=O,34.14
1586,[15*][C@@H]1CCCC[C@@H]1S(C)(=O)=O,34.14
1587,[15*][C@@H]1CCCC[C@H]1S(C)(=O)=O,34.14
1588,[15*][C@@H]1CCC[C@@H](S(C)(=O)=O)C1,34.14
1589,[15*][C@@H]1CCC[C@@H]1S(C)(=O)=O,34.14
1590,[15*][C@@H]1CCC[C@H](S(C)(=O)=O)C1,34.14
1591,[15*][C@@H]1CCS(=O)(=O)C1,34.14
1592,[15*][C@@]1(C)CCS(=O)(=O)C1,34.14
1593,[15*][C@H]1CCCC[C@@H]1S(C)(=O)=O,34.14
1594,[15*][C@H]1CCCS(=O)(=O)C1,34.14
1595,[16*]c1cc(C)c(C)c([SH](=O)=O)c1,34.14
1596,[16*]c1cc(C)c(C)cc1[SH](=O)=O,34.14
1597,[16*]c1cc(S(=O)(=O)CC)ccc1Cl,34.14
1598,[16*]c1cc([SH](=O)=O)c(Cl)cc1Cl,34.14
1599,[16*]c1cc([SH](=O)=O)ccc1Cl,34.14
1600,[16*]c1ccc(C)c([SH](=O)=O)c1,34.14
1601,[16*]c1ccc(C)cc1[SH](=O)=O,34.14
1602,[16*]c1ccc(Cl)cc1[SH](=O)=O,34.14
1603,[16*]c1ccc(F)c([SH](=O)=O)c1,34.14
1604,[16*]c1ccc(S(=O)(=O)C(F)F)cc1,34.14
1605,[16*]c1ccc(S(C)(=O)=O)c(F)c1,34.14
1606,[16*]c1ccc([SH](=O)=O)c(Br)c1,34.14
1607,[16*]c1ccc([SH](=O)=O)c(C)c1,34.14
1608,[16*]c1ccc([SH](=O)=O)c(F)c1,34.14
1609,[16*]c1ccc([SH](=O)=O)c2ccccc12,34.14
1610,[16*]c1ccc([SH](=O)=O)cc1,34.14
1611,[16*]c1ccc([SH](=O)=O)cc1C,34.14
1612,[16*]c1ccc([SH](=O)=O)cc1Cl,34.14
1613,[16*]c1cccc(S(=O)(=O)C(C)C)c1,34.14
1614,[16*]c1cccc(S(=O)(=O)CC)c1,34.14
1615,[16*]c1ccccc1S(=O)(=O)CCC,34.14
1616,[16*]c1ccccc1S(C)(=O)=O,34.14
1617,[16*]c1ccsc1[SH](=O)=O,34.14
1618,[16*]c1csc([SH](=O)=O)c1,34.14
1619,[4*]CC(CC)(CC)S(C)(=O)=O,34.14
1620,[4*]CCCS(=O)(=O)c1ccc(C)cc1,34.14
1621,[4*]CCCS(C)(=O)=O,34.14
1622,[4*]CCS(=O)(=O)c1ccc(F)cc1,34.14
1623,[4*]CCS(=O)(=O)c1ccccc1,34.14
1624,[4*]CCS(C)(=O)=O,34.14
1625,[4*]CC[SH](=O)=O,34.14
1626,[4*][C@@]1(C)CCS(=O)(=O)C1,34.14
1627,[4*][C@H](C)[C@@H](C)S(C)(=O)=O,34.14
1628,[4*][C@H](C)[C@H](C)S(C)(=O)=O,34.14
1629,[6*]C(=O)CCCC=O,34.14
1630,[7*]=C(C=O)C(C)=O,34.14
1631,[8*]CCCS(C)(=O)=O,34.14
1632,[8*]CCS(=O)(=O)CC,34.14
1633,[8*]CS(=O)(=O)C(C)C,34.14
1634,[8*]CS(=O)(=O)c1cccc(F)c1,34.14
1635,[8*]C[S@@](=O)CCC=O,34.14
1636,[8*]C[S@@](=O)[C@H](C)C=O,34.14
1637,[8*]C[S@](=O)[C@@H](C)C=O,34.14
1638,[8*]C[S@](=O)[C@H](C)C=O,34.14
1639,[8*]C[SH](=O)=O,34.14
1640,[9*]n1/c(=N/C=O)sc2ccccc21,34.36
1641,[14*]c1cc(=O)n2cc(Cl)ccc2n1,34.370000000000005
1642,[16*]c1cnc2ccc(C)cn2c1=O,34.370000000000005
1643,[16*]c1cnc2sc(C)cn2c1=O,34.370000000000005
1644,[16*]c1cnc2sccn2c1=O,34.370000000000005
1645,[7*]=Cc1cnc2c(C)cccn2c1=O,34.370000000000005
1646,[7*]=Cc1cnc2ccccn2c1=O,34.370000000000005
1647,[14*]c1cc2n(n1)CC[NH2+]C2,34.43
1648,[14*]c1nc2ccccc2c(=O)n1C,34.89
1649,[14*]c1nc2sccc2c(=O)n1C,34.89
1650,[14*]c1nn(C)c(=O)c2ccccc12,34.89
1651,[14*]c1sc2ncn(C)c(=O)c2c1C,34.89
1652,[15*][C@@H]1CSc2nc(C)cc(=O)n2C1,34.89
1653,[15*][C@@H]1CSc2ncc(C)c(=O)n2C1,34.89
1654,[15*][C@@H]1CSc2nccc(=O)n2C1,34.89
1655,[15*][C@H]1CSc2nc(C)cc(=O)n2C1,34.89
1656,[15*][C@H]1CSc2nccc(=O)n2C1,34.89
1657,[16*]c1c(C)nc2n(c1=O)CCCS2,34.89
1658,[16*]c1c(C)nn(C=O)c1C,34.89
1659,[16*]c1ccc2c(=O)n3c(nc2c1)CCC3,34.89
1660,[16*]c1ccc2c(=O)n3c(nc2c1)CCCCCC3,34.89
1661,[16*]c1ccc2nc3n(c(=O)c2c1)CCCCC3,34.89
1662,[16*]c1cnn(C)c(=O)c1,34.89
1663,[16*]c1cnn(C)c(=O)c1Cl,34.89
1664,[6*]C(=O)n1ccnc1,34.89
1665,[9*]n1c(=O)c(C)nc2ccccc21,34.89
1666,[9*]n1c(=O)cnc2cc(C)c(C)cc21,34.89
1667,[9*]n1c(=O)cnc2ccccc21,34.89
1668,[9*]n1cc2c(n1)C[S@](=O)C2,34.89
1669,[9*]n1ccc2ncccc2c1=O,34.89
1670,[9*]n1cccnc1=O,34.89
1671,[9*]n1cnc2ccc(Cl)cc2c1=O,34.89
1672,[9*]n1cnc2sc(C)c(C)c2c1=O,34.89
1673,[9*]n1cnc2sc(C)cc2c1=O,34.89
1674,[9*]n1cnc2sc3c(c2c1=O)CCC3,34.89
1675,[9*]n1cnccc1=O,34.89
1676,[9*]n1nc(C)c2sc3ccccc3c2c1=O,34.89
1677,[9*]n1ncc2c(c1=O)CCCC2,34.89
1678,[9*]n1ncc2ccccc2c1=O,34.89
1679,[9*]n1nccc(Cl)c1=O,34.89
1680,[16*]c1ccc2oc(=O)n(C)c2c1,35.14
1681,[9*]n1c(=O)oc2ccc(Cl)cc21,35.14
1682,[7*]=C1SC(=S)N=C1[O-],35.42
1683,[5*]N1CCN2C(=O)NC[C@H]2C1,35.58
1684,[14*]c1cc(=O)n2c(C)csc2[nH+]1,35.620000000000005
1685,[14*]c1ncccc1[O-],35.95
1686,[16*]c1cccnc1[O-],35.95
1687,[5*]N1CCOC[C@@H]1C#N,36.26
1688,[5*]N1CCO[C@H](C#N)C1,36.26
1689,[11*]SC1=NNCN1,36.42
1690,[14*]c1ccc(C#N)c(C)n1,36.68
1691,[14*]c1cccc(C#N)n1,36.68
1692,[14*]c1nc(C)cc(C)c1C#N,36.68
1693,[14*]c1ncc(C#N)c2c1CCC2,36.68
1694,[14*]c1ncccc1C#N,36.68
1695,[16*]c1ccc2cc(C#N)cnc2c1,36.68
1696,[16*]c1ccc2ncc(C#N)cc2c1,36.68
1697,[16*]c1cccnc1C#N,36.68
1698,[16*]c1cnccc1C#N,36.68
1699,[7*]=C(C#N)c1nc(C)cs1,36.68
1700,[13*][C@H]1N=NC2=C1CNCC2,36.75
1701,[13*][C@@H]1C[C@@H](O)C[NH2+]1,36.84
1702,[13*][C@@H]1C[C@H](O)C[NH2+]1,36.84
1703,[15*]C1(O)CC[NH2+]CC1,36.84
1704,[15*][C@@H]1CC[NH2+]C[C@H]1O,36.84
1705,[15*][C@]1(O)CCC[NH2+]CC1,36.84
1706,[5*][NH2+][C@@H]1c2ccccc2C[C@@H]1O,36.84
1707,[16*]c1ccc2c(c1)[C@@H]([NH3+])CCO2,36.870000000000005
1708,[10*]N1C(=O)CC[C@@H]2C[NH2+]CC[C@@H]21,36.92
1709,[10*]N1CC2(CC[NH2+]CC2)CC1=O,36.92
1710,[10*]N1CCC[C@]2(CC[NH2+]C2)C1=O,36.92
1711,[10*]N1C[C@@]2(CCC[NH2+]C2)CCC1=O,36.92
1712,[14*]c1[nH+]cccc1[O-],37.2
1713,[16*]c1c[nH+]cc([O-])c1,37.2
1714,[1*]C(=O)CCCCO,37.3
1715,[1*]C(=O)CCO,37.3
1716,[1*]C(=O)CC[C@@H](C)O,37.3
1717,[1*]C(=O)CC[C@H](C)O,37.3
1718,[1*]C(=O)CO,37.3
1719,[1*]C(=O)C[C@@H](O)C(F)(F)F,37.3
1720,[1*]C(=O)C[C@H](O)C(F)(F)F,37.3
1721,[1*]C(=O)[C@H](C)O,37.3
1722,[4*][C@@H](C=O)CO,37.3
1723,[8*]C(O)C=O,37.3
1724,[8*][C@@H](O)CC=O,37.3
1725,[8*][C@H](O)CC=O,37.3
1726,[1*]C(=O)CCN1C(=O)CCc2ccccc21,37.38
1727,[1*]C(=O)[C@H]1CN(C)C(=O)c2ccccc21,37.38
1728,[10*]N1C(=O)C=CC1=O,37.38
1729,[10*]N1C(=O)CC(C=O)=C1C,37.38
1730,[10*]N1C(=O)CC2(CCCCC2)C1=O,37.38
1731,[10*]N1C(=O)CCC1=O,37.38
1732,[10*]N1C(=O)CCCC1=O,37.38
1733,[10*]N1C(=O)C[C@H](C)C1=O,37.38
1734,[10*]N1C(=O)Cc2ccccc2C1=O,37.38
1735,[10*]N1C(=O)[C@H](C)[C@@H](C)C1=O,37.38
1736,[10*]N1C(=O)[C@H]2CC=CC[C@@H]2C1=O,37.38
1737,[10*]N1C(=O)[C@H]2CC[C@@](C)(C1=O)C2(C)C,37.38
1738,[10*]N1C(=O)[C@H]2C[C@H]2C1=O,37.38
1739,[10*]N1C(=O)[C@H]2[C@@H]3C=C[C@@H](C3)[C@H]2C1=O,37.38
1740,[10*]N1C(=O)[C@H]2[C@H]3C=C[C@H](C3)[C@H]2C1=O,37.38
1741,[10*]N1C(=O)[C@H]2[C@H]3CC[C@H](C3)[C@@H]2C1=O,37.38
1742,[10*]N1C(=O)c2ccc(Br)cc2C1=O,37.38
1743,[10*]N1C(=O)c2cccc3cccc(c23)C1=O,37.38
1744,[16*]c1ccc2c(c1)C(=O)N(C)C2=O,37.38
1745,[16*]c1ccc2c(c1)CCN1C(=O)c3ccccc3[C@@H](C=O)[C@@H]21,37.38
1746,[16*]c1ccc2c(c1)N(CC=O)C(=O)CS2,37.38
1747,[16*]c1ccc2c(c1)[C@@H]1[C@H](C=O)c3ccccc3C(=O)N1CC2,37.38
1748,[5*]N1CCCCS1(=O)=O,37.38
1749,[5*]N1CCCc2cc([SH](=O)=O)ccc21,37.38
1750,[5*]N1CCS(=O)(=O)CC1,37.38
1751,[5*]N1CCS(=O)(=O)[C@@H](C)[C@H]1C,37.38
1752,[5*]N1CCS(=O)(=O)[C@H](C)[C@@H]1C,37.38
1753,[5*]N1CC[C@H]([SH](=O)=O)C1,37.38
1754,[5*]N1c2ccc([SH](=O)=O)cc2C[C@@H]1C,37.38
1755,[5*]N1c2ccc([SH](=O)=O)cc2C[C@H]1C,37.38
1756,[13*][C@@H]1C=C(c2ccccn2)N=N1,37.61
1757,[16*]c1c(C)n(C)[nH]c1=O,37.79
1758,[9*]n1[nH]cc(Br)c1=O,37.79
1759,[9*]n1[nH]ccc1=O,37.79
1760,[14*]c1ncc2c(n1)CCNC2,37.81
1761,[14*]c1ncnc2c1CCNC2,37.81
1762,[14*]c1ncnc2c1CCNCC2,37.81
1763,[5*]N[C@@H]1CC(C)(C)Cc2ncncc21,37.81
1764,[14*]c1ccc(C#N)[n-]1,37.89
1765,[5*]N/C(NC)=[NH+]/C,38.03
1766,[16*]c1ccccc1NN,38.05
1767,[14*]c1noc2c1CNCC2,38.06
1768,[10*]N1C(=O)c2ccnn2C[C@H]1C,38.13
1769,[10*]N1C(=O)c2cncn2C[C@@H]1C,38.13
1770,[10*]N1C(=O)c2nc3ccccc3n2C[C@@H]1C,38.13
1771,[13*][C@@H]1CNC(=O)O1,38.33
1772,[13*][C@@H]1Oc2ccccc2NC1=O,38.33
1773,[13*][C@@]1(C)Oc2ccccc2NC1=O,38.33
1774,[13*][C@H]1COCC(=O)N1,38.33
1775,[13*][C@H]1Oc2ccccc2NC1=O,38.33
1776,[13*][C@]1(C)Oc2ccccc2NC1=O,38.33
1777,[15*][C@@H]1[C@H]2C=C[C@]3(CNC(=O)[C@@H]13)O2,38.33
1778,[16*]c1cc2c(cc1Cl)NC(=O)CO2,38.33
1779,[16*]c1ccc2c(c1)CNC(=O)CO2,38.33
1780,[16*]c1ccc2c(c1)NC(=O)[C@H](C)O2,38.33
1781,[16*]c1cccc2c1O[C@H](C)C(=O)N2,38.33
1782,[3*]ONC(C)=O,38.33
1783,[5*][NH+]1CC[C@@H]([SH](=O)=O)C1,38.58
1784,[13*][C@@H]1CC(C=O)=NO1,38.66
1785,[13*][C@H]1CC(C=O)=NO1,38.66
1786,[16*]c1ccc(C2=NCC(=O)O2)cc1,38.66
1787,[16*]c1cccc(C2=NCC(=O)O2)c1,38.66
1788,[7*]=C1N=C(C)OC1=O,38.66
1789,[7*]=C1N=C(c2ccccc2)OC1=O,38.66
1790,[14*]c1ncnc2nc(C)cc(C)c12,38.67
1791,[14*]c1ccc(C(N)=S)cn1,38.91
1792,[14*]c1csc(N)n1,38.91
1793,[14*]c1nc2ccc(N)cc2s1,38.91
1794,[14*]c1ncccc1N,38.91
1795,[14*]c1nscc1N,38.91
1796,[14*]c1sncc1N,38.91
1797,[16*]c1cc(Cl)cnc1N,38.91
1798,[16*]c1ccc(N)nc1,38.91
1799,[16*]c1ccc2nc(N)sc2c1,38.91
1800,[16*]c1ccncc1N,38.91
1801,[16*]c1cncc(N)c1,38.91
1802,[14*]c1ncnc2oc(C)c(C)c12,38.92
1803,[14*]c1ncon1,38.92
1804,[14*]c1nnc([S-])o1,38.92
1805,[14*]c1nnco1,38.92
1806,[14*]c1nonc1C,38.92
1807,[16*]c1ccnc2onc(C)c12,38.92
1808,[14*]c1nc[nH+]c2c1CCNC2,39.06
1809,[12*]S(=O)(=O)c1ccn(C)c1,39.07
1810,[14*]c1cc([SH](=O)=O)cn1C,39.07
1811,[16*]c1c([SH](=O)=O)c(C)n(C)c1C,39.07
1812,[14*]c1cn2ccn(C)c(=O)c2n1,39.3
1813,[9*]n1c(=O)c2cccn2c2cccnc21,39.3
1814,[9*]n1ccn2nccc2c1=O,39.3
1815,[14*]c1cn2ccnc2c(=O)n1C,39.300000000000004
1816,[14*]c1cc(C#N)c[nH]1,39.58
1817,[13*][C@@H]1C[C@@H]([NH3+])CN1,39.67
1818,[9*]n1cnn(C)c1=O,39.82
1819,[9*]n1nc2n(c1=O)CCCCC2,39.82
1820,[14*]c1nc2ncc(Br)cc2[n-]1,39.88
1821,[3*]On1nnc2ccccc21,39.94
1822,[13*][C@@H]1N=C2C=NN(C)[C@@H]2N1,39.99
1823,[13*][C@H]1[NH+]=c2ccccc2=C1N,39.99
1824,[4*]C[C@@H](C)C(=O)[O-],40.129999999999995
1825,[4*]C[C@H](C)C(=O)[O-],40.129999999999995
1826,[4*][C@@H](C(=O)[O-])[C@@H](C)CC,40.129999999999995
1827,[4*][C@@H](C(=O)[O-])[C@H](C)CC,40.129999999999995
1828,[4*][C@@H](C)CC(=O)[O-],40.129999999999995
1829,[4*][C@@H](CC)C(=O)[O-],40.129999999999995
1830,[4*][C@@H](F)C(=O)[O-],40.129999999999995
1831,[4*][C@@](C)(CC)C(=O)[O-],40.129999999999995
1832,[4*][C@H](C(=O)[O-])[C@H](C)CC,40.129999999999995
1833,[4*][C@H](C)C(=O)[O-],40.129999999999995
1834,[4*][C@H](C)[C@H](C)C(=O)[O-],40.129999999999995
1835,[4*][C@H](CCC)C(=O)[O-],40.129999999999995
1836,[4*][C@H](F)C(=O)[O-],40.129999999999995
1837,[4*][C@](C)(CC)C(=O)[O-],40.129999999999995
1838,[6*]C(=O)[O-],40.129999999999995
1839,[8*]CCCC(=O)[O-],40.129999999999995
1840,[8*]CCCCCC(=O)[O-],40.129999999999995
1841,[8*][C@@H](C(=O)[O-])C(C)C,40.129999999999995
1842,[8*][C@H](C)C(=O)[O-],40.129999999999995
1843,[8*][C@](C)(CC)C(=O)[O-],40.129999999999995
1844,[16*]c1c[nH+]ccc1N,40.16
1845,[16*]c1cc[nH+]c(N)c1,40.16
1846,[16*]c1ccc(N)[nH+]c1,40.16
1847,[16*]c1c(O)cccc1O,40.46
1848,[16*]c1ccc(O)cc1O,40.46
1849,[4*]C(CO)CO,40.46
1850,[4*]CC(C)(CO)CO,40.46
1851,[7*]=Cc1ccc(O)c(O)c1,40.46
1852,[8*]C(C)(CO)CO,40.46
1853,[8*]C(CC)(CO)CO,40.46
1854,[8*]CC(CO)CO,40.46
1855,[14*]c1nc2c(s1)[C@H]([NH3+])CCC2,40.53
1856,[16*]c1ccncc1C#CC[NH3+],40.53
1857,[10*]N1C(=O)[C@@H]2CCCN2C(=O)[C@@H]1C,40.620000000000005
1858,[10*]N1C(=O)[C@H]2CCCCN2C(=O)[C@@H]1C,40.620000000000005
1859,[10*]N1CC(=O)N(C)CC1=O,40.620000000000005
1860,[10*]N1CC(=O)N2CCCC[C@H]2C1=O,40.620000000000005
1861,[10*]N1CC(=O)N2CCC[C@H]2C1=O,40.620000000000005
1862,[15*]C1CCN(S(=O)(=O)N(C)C)CC1,40.620000000000005
1863,[14*]c1n[nH]c2c1CNCC2,40.71
1864,[5*]N[C@H]1CCCc2[nH]ncc21,40.71
1865,[1*]C(=O)[C@@H](C)C#N,40.86
1866,[4*]CCC(=O)CC#N,40.86
1867,[4*][C@@H](C)C(=O)CC#N,40.86
1868,[6*]C(=O)CC#N,40.86
1869,[7*]=CC(=O)CC#N,40.86
1870,[9*]n1c([O-])c2ccccc2nc1=S,40.879999999999995
1871,[14*]c1cnc2ccc(C#N)cn12,41.09
1872,[13*][C@H]1Nc2ccccc2NC2=C1C(=O)CCC2,41.129999999999995
1873,[16*]c1ccccc1NNC=O,41.129999999999995
1874,[5*]N[C@H]1NC(=O)c2ccccc21,41.129999999999995
1875,[7*]=C(C)NNC(C)=O,41.129999999999995
1876,[7*]=C1NC(=S)NC1=O,41.129999999999995
1877,[1*]C(=O)NNc1ccc(F)cc1,41.13
1878,[1*]C(=O)NNc1cccc(F)c1F,41.13
1879,[1*]C(=O)NNc1ccccc1Cl,41.13
1880,[13*]C1NC(=O)c2ccccc2N1,41.13
1881,[13*][C@@H]1CC(=O)NCCN1,41.13
1882,[13*][C@@H]1NC(=O)c2ccccc2N1,41.13
1883,[15*][C@@H]1CC(=O)C2=C(C1)Nc1ccccc1NC2,41.13
1884,[15*][C@H]1CC(=O)C2=C(C1)Nc1ccccc1NC2,41.13
1885,[6*]C(=O)NNc1c(C)cc(C)cc1C,41.13
1886,[6*]C(=O)NNc1ccccc1Cl,41.13
1887,[5*]N/C(=[NH+]/C)N1CCNCC1,41.27
1888,[13*][C@@H]1S/C(=N/CC)NC1=O,41.46
1889,[13*][C@H]1CC(=O)N/C(=N/c2ccccc2)S1,41.46
1890,[13*][C@H]1S/C(=N\c2ccccc2)NC1=O,41.46
1891,[16*]c1ccc(/C=N/NC(C)=O)cc1Br,41.46
1892,[16*]c1ccc(/C=N\NC=O)cc1,41.46
1893,[16*]c1cccc(/C(C)=N/NC=O)c1,41.46
1894,[16*]c1cccc(/C(C)=N\NC=O)c1,41.46
1895,[16*]c1cccc(/C=N/NC(C)=O)c1,41.46
1896,[16*]c1cccc(/C=N/NC=O)c1,41.46
1897,[16*]c1ccccc1/C=N/NC(C)=O,41.46
1898,[4*]CC(=O)/N=C1/NCCS1,41.46
1899,[4*]CC(=O)N/N=C/C,41.46
1900,[4*]CC(=O)N/N=C/CC,41.46
1901,[4*]CC(=O)N/N=C/c1ccccc1,41.46
1902,[4*]CC(=O)NN=C(C)C,41.46
1903,[6*]C(=O)N/N=C/C,41.46
1904,[6*]C(=O)N/N=C/c1cccc(Br)c1,41.46
1905,[7*]=C1C(=O)NN=C1C,41.46
1906,[8*]CC(=O)N/N=C\c1ccccc1,41.46
1907,[13*][C@H]1NC(=O)[C@@H]2COCCN12,41.57
1908,[14*]c1c[nH]nn1,41.57
1909,[14*]c1cc2[nH]c(C)nc2cn1,41.57
1910,[14*]c1ccc2c(C)n[nH]c2n1,41.57
1911,[14*]c1ccc2cn[nH]c2n1,41.57
1912,[14*]c1ccc2nc[nH]c2n1,41.57
1913,[14*]c1cnn[nH]1,41.57
1914,[14*]c1nc2cc(Br)cnc2[nH]1,41.57
1915,[14*]c1nc2cccnc2[nH]1,41.57
1916,[14*]c1nc2cnccc2[nH]1,41.57
1917,[14*]c1nc[nH]n1,41.57
1918,[14*]c1nccc2[nH]c(C)nc12,41.57
1919,[14*]c1ncn[nH]1,41.57
1920,[14*]c1ncnc2[nH]c(C)c(C)c12,41.57
1921,[16*]c1cc2cn[nH]c2nc1Cl,41.57
1922,[16*]c1ccc2[nH]nnc2c1,41.57
1923,[16*]c1ccc2n[nH]nc2c1,41.57
1924,[5*]N1C[C@@H]2OCC(=O)N[C@@H]2C1,41.57
1925,[14*]c1c(C#N)cnn1C,41.61
1926,[9*]n1cc(C#N)cn1,41.61
1927,[11*]SC1=NC(=O)C2=C3CCCC[C@H]3SC2=N1,41.79
1928,[13*][C@H]1N=[NH+]C(=S)N1/N=C/c1ccccc1,41.93
1929,[16*]c1ccc(/C=N/N2CN=[NH+]C2=S)cc1,41.93
1930,[13*][C@@H]1Cc2[nH+]c[nH]c2CN1,41.96
1931,[13*][C@H]1Cc2[nH+]c[nH]c2CN1,41.96
1932,[16*]c1cccn(O)c1=O,42.230000000000004
1933,[14*]c1ncc2c(n1)CC[NH2+]C2,42.39
1934,[14*]c1ncc2c(n1)CC[NH2+]CC2,42.39
1935,[14*]c1ncnc2c1CC[NH2+]CC2,42.39
1936,[14*]c1noc2c1C[NH2+]CC2,42.64
1937,[13*][C@@H]1C[C@H](c2ccccc2)n2ncnc2N1,42.74
1938,[13*][C@H]1CSc2nnc(C)n2N1,42.74
1939,[5*]N[C@@H]1CCCn2nc(C)nc21,42.74
1940,[5*]N[C@H]1CCCn2ncnc21,42.74
1941,[15*][C@H]1CC(=O)c2cncnc2C1,42.85
1942,[14*]c1nc2ccccc2c2nc(C)nn12,43.08
1943,[14*]c1nc2ccccc2n2cnnc12,43.08
1944,[14*]c1nc2ncccn2n1,43.08
1945,[14*]c1nn2cnnc2c2ccccc12,43.08
1946,[14*]c1nn2cnnc2s1,43.08
1947,[14*]c1nnc2c(C)c(C)cnn12,43.08
1948,[14*]c1nnc2c3ccccc3ncn12,43.08
1949,[14*]c1nnc2ccnn2c1C,43.08
1950,[16*]c1ccc2nnnn2c1,43.08
1951,[16*]c1cn2ncnc2nc1C,43.08
1952,[4*]C(C)(C)C(N)=O,43.09
1953,[4*]CC(N)=O,43.09
1954,[4*]CCC(N)=O,43.09
1955,[4*]CCCC(N)=O,43.09
1956,[4*]CCCCC(N)=O,43.09
1957,[4*]C[C@@H](C)C(N)=O,43.09
1958,[4*][C@@H](C(N)=O)[C@@H](C)CC,43.09
1959,[4*][C@@H](C(N)=O)[C@H](C)CC,43.09
1960,[4*][C@H](C(N)=O)[C@H](C)CC,43.09
1961,[4*][C@H](C)CC(N)=O,43.09
1962,[4*][C@H](CC)C(N)=O,43.09
1963,[4*][C@](C)(CC(C)C)C(N)=O,43.09
1964,[8*]CC(N)=O,43.09
1965,[8*]C[C@H](C)C(N)=O,43.09
1966,[8*][C@H](C)C(N)=O,43.09
1967,[8*][C@H](N)C=O,43.09
1968,[16*]c1ccc2c3c(onc13)-c1ccccc1C2=O,43.1
1969,[16*]c1ccc2noc3c2c1C(=O)c1ccccc1-3,43.1
1970,[14*]c1cc2cc([N+](=O)[O-])ccc2s1,43.14
1971,[15*][C@@H]1C[C@H]1[N+](=O)[O-],43.14
1972,[16*]c1c(C)cc(C)c([N+](=O)[O-])c1C,43.14
1973,[16*]c1c(C)cc(C)cc1[N+](=O)[O-],43.14
1974,[16*]c1c(C)cccc1[N+](=O)[O-],43.14
1975,[16*]c1c(F)cccc1[N+](=O)[O-],43.14
1976,[16*]c1cc(C)c([N+](=O)[O-])cc1Cl,43.14
1977,[16*]c1cc(C)ccc1[N+](=O)[O-],43.14
1978,[16*]c1cc(Cl)c(Cl)cc1[N+](=O)[O-],43.14
1979,[16*]c1cc(Cl)cc([N+](=O)[O-])c1,43.14
1980,[16*]c1cc(F)ccc1[N+](=O)[O-],43.14
1981,[16*]c1ccc(Br)cc1[N+](=O)[O-],43.14
1982,[16*]c1ccc(C)c([N+](=O)[O-])c1,43.14
1983,[16*]c1ccc(F)c([N+](=O)[O-])c1,43.14
1984,[16*]c1ccc([N+](=O)[O-])c(Cl)c1,43.14
1985,[16*]c1ccc([N+](=O)[O-])cc1C,43.14
1986,[16*]c1cccc(C)c1[N+](=O)[O-],43.14
1987,[16*]c1ccccc1[N+](=O)[O-],43.14
1988,[16*]c1csc([N+](=O)[O-])c1,43.14
1989,[7*]=Cc1ccc(C)c([N+](=O)[O-])c1,43.14
1990,[7*]=Cc1ccc(Cl)c([N+](=O)[O-])c1,43.14
1991,[7*]=Cc1ccc(F)cc1[N+](=O)[O-],43.14
1992,[7*]=Cc1ccc([N+](=O)[O-])cc1,43.14
1993,[7*]=Cc1cccc([N+](=O)[O-])c1,43.14
1994,[5*]N(C)/C(N)=[NH+]\C,43.23
1995,[5*]N1C(N)=[NH+]C[C@@H]1C,43.23
1996,[5*]N1C(N)=[NH+]C[C@H]1C,43.23
1997,[5*]N1CC[NH+]=C1N,43.230000000000004
1998,[16*]c1c(C)c2cc3c(C)coc3c(C)c2oc1=O,43.35
1999,[3*]OS(=O)(=O)CC,43.370000000000005
